:0200000480007A
:1A00200000A03CFF616E00FF73646820737468A0036568CA0BC300300090A7
:20003C004E414E000F05D011174580010B00D0010F00B02142218B0101110F2010006B0589
:20005C00002000904B0480008B0480F22B0F303F6A308B011F100E1A4E14820202033C1A9D
:20007C000F102030370341203C158B0102F08EF60FF000200F1010303C0D3700C13F8B017D
:20009C0002108BF101F08EF40F1010203C038203820200906E616E006E66696E69747900DE
:2000BC00494E4600696E660000000080FFFFFFFFFFFFFFFFFFFFFF7F000A00F000A003F089
:2000DC000C00000000000000000A00F000A003F009000000A80000000000000000000000BA
:2000FC0000000000910000F8D9FF28410D00000202F4DC0F0000000000000000000000002A
:20011C0000000000910000F8D9FF36310D00000202F4DC0F0000000000000000000000000B
:20013C0000000000910000F8D9FF04310D00000202F4DC0F0000000000000000000000001D
:20015C0000000000910000F8D9FF162102F4DC0F000000000000000000000000000000000A
:20017C0000000000910000F8D9FF24110D00000202F4DC0F000000000000000000000000DD
:20019C0000000000910000F8D9FF32010D00000202F4DC0F000000000000000000000000BF
:2001BC0000000000910000F8D9FF0A610D00000202F4DC0F00000000000000000000000067
:2001DC0000000000910000F8D9FF1A510D00000202F4DC0F009000000000000000000000B7
:2001FC0000000000820C822D3C130757FFCF8755BFDFCE57460546048B1480408B05A05018
:20021C00CE77460746068B1680608B07A07082028203820082013A260B2700F26E023C4F34
:20023C000B6430F10B7500F20B75A0F26E04024002513C453A640B7500F26E0382123C3F76
:20025C003B0004E00B6030F10B7100F20B71A0F2DE1087559FFF06116701801F8B1FE00645
:20027C000248025906156745805F0614C2FE3CEB0284029506F067101F0006F1C21E82080C
:20029C007AE86E1D87559FFF06116701801F8B1FE0060B60C0A00B71D0B007BB9FFF0615EB
:2002BC006745805F061406136723803F8B1FE0266E0302A002B1C2183FE8E67F76C74603B9
:2002DC0046028B1280208B03A030DF2D0B00071DE0FF76F7460146008B1080008B01A010B4
:0202FC00009070
:20030000820C822D3C130757FFCF8755BFDFCE57460546048B1480408B05A050CE77460780
:2003200046068B1680608B07A07082028203820082013A260B2700F26E023C4F0B6430F131
:200340000B7500F20B75A0F26E04024002513C453A640B7500F26E0382123C3F3B0004E0E2
:200360000B6030F10B7100F20B71A0F2DE1087559FFF06116701801F8B1FE00602480259BA
:2003800006156745805F0614C2FE3CEB0284029506F067101F0006F1C21E82087AE86E1DBF
:2003A00087559FFF06116701801F8B1FE0060B60C0A00B71D0B007BB9FFF06156745805F48
:2003C000061406136723803F8B1FE0266E0302A002B1C2183FE8E67F76C7460346028B125A
:2003E00080208B03A030DF2D0B00071DE0FF76F7460146008B1080008B01A010020202137B
:200400000090910000F7D9FF0000007091000028D9220C3009204009007091000028D922F6
:200420000430092040090070911000F8D9FF686D00703B00034040F440C5007074DF3B003B
:20044000034040C4007061000E00370E6800DA0A4BF011020070610006003BE0024040C45F
:20046000007054DFC21F74DF00700BA050F10B1B00F20B1B90F200700B0A50F10B1B00F2AB
:200480000BB190F200700B4A50F10B5B00F20BB5A0F2EE02D2FA40C440D500700BA050F13D
:2004A0000B1B00F20B1BA0F200700B0A30F10B1B00F20B1BA0F26A0A6A1B007061FFB6FF78
:2004C00001FD00F6081F16050070910000F8D9FF0C3009F040090B0410F10B1580F2EE08FF
:2004E000910000F8D9FF0C3009F240093C1D4DC0E2FF370FE1F78B0F20F20D0040030000BA
:2005000085F0100185F12C01910000F8D9FF0C3009F24009262026316E030D0000030B4068
:2005200040200B515030910000F8D9FF0C3009F040093A020B1300F26E0382003C1F4DC0F9
:20054000E20F3700E1078B0020020D004003000085F4100185F52C01910000F8D9FF0C30C0
:2005600009F640092664267576030D0000030B2450010B3500020B539002DF00DF7F009006
:20058000404F6D008317022F02F46D00CC1614F0B700010034F002F41D00911782FF911092
:2005A00000F8D9FFEC6CC5021700D4F57D450680481F370F48F03C0449FF080AFC279110E1
:2005C00000F8D9FFEC9C90FFD4F2009082FF911000F8D9FFEC6CC5021700D4F57D450680A5
:2005E000481F370F48F03C0449FF080AFC27911000F8D9FFCCBC90FFD4F2009082FF911059
:2006000000F8D9FFEC6CC5021700D4F57D450680481F370F48F03C0449FF080AFC27911080
:2006200000F8D9FFECCC90FFD4F200902030404F0B541088026A89A7280909FF4C18161F09
:20064000780809FFD408370F6CF0C21F780609FF4C18161F1E24DF4F22003C25820289A2F2
:20066000100991100028D9223CFD40A4A0F5042F244FFC5E913000CFD9CC001614CF160F98
:200680006E1582246D003B1114CF160F10A2142F4B0F61F14BF251203C096D00AC10DA00D9
:2006A00078043C04820289A2100909FFD408C218BB0000189BB15B14370F6C008B4860F392
:2006C000370F68F07805C2104B0041014B0F61314B1901F08F3F00114B0251204B3941807D
:2006E0008B1A60F37809DA0078077616BBA070FD9B3FC2F33C293B0000F59B3F7CF44BF922
:2007000001F02E063BF026F19B3FA8F33C1D3B0040F29B4F97F44BF901F02E06BB7071FBC2
:200720009B1F8DF33C113B0062F39BEFAFF44BF901F0AE063BD07BF39B6F58F33C05BBC002
:200740005AFC9B7F72F34BF841A04B8251F04B0F7111DF013E805805BF5F0580C2FF7805DA
:200760003C2DDA017806DA10780509FF4C18161F1E239E4F3C21820291100028D9223CFDA3
:2007800040A4A0F5042F244FFC5E913000CFD9CC001614CF160F6E1182246D00B01014CF58
:2007A000160F10A2142F4B0F61F14BF251203C056D0021103C02820258054B0F61F14BF9D7
:2007C00041804B8251F04B0F7111DF01C67F8F411FF06E5F7B0018044B0941004B025100D3
:2007E0004B0071018F401FF06E3F5806C21F78068F4F1FF06E053BF0FFF078063C4A09FF6E
:200800004C18161F1E239E4F3C21820291100028D9223CFD40A4A0F5042F244FFC5E9130F9
:2008200000CFD9CC001614CF160F6E1182246D00661014CF160F10A2142F4B0F61F14BF238
:2008400051203C056D00D70F3C02820258064B0F61F14BF251204B8251F04B0F71118F415F
:200860001FF0EEC43C1658053B000100C21F78057FF0058089A014093C0C4B0F61F14BF9FC
:2008800041804B8251F04B0F71118F411FF0EEEC4B0161F102154BF251F0821382046B0F2C
:2008A000319858044BF901F02E036799BF9F4BA901F016038B0F20025807822CAB1FA0F02E
:2008C00078073BF0FFD03C35DF2C05808216821B3C2A73C40A004B3011628B1600B03C2324
:2008E000031C0AE64B0C61014B0241004B0E61F14BF051F06B0F310858044BF001F02E030F
:200900006700BF0F4B0901F02E26020902C30BDE905102644BA901F016036E04DA0178073F
:200920003C06C2163F6B04807F35DCFFC21C5807EE037FCDCBFF09FF4C18B70F05F089FFED
:200940000C1809FF4F186F7FFEFF09FFE008375F0CF089FFA00809FFE208373F0CF089FF7B
:20096000A20809F0D4085806C2FF37F00CF0ACFA09F056085805C2FF37F004F089FF1608DA
:2009800009F05708580937F004F089FF170809F05708580A8B0F20F237F081F389FF170834
:2009A00009F04C18580837F005F089FF0C185808EE0609FF4F186F7FFEFF3C0509FF4F1854
:2009C0006F7FFE7F82120090094F4C18374F05F0894F0C18F646094F4F186F7FFEFF0090DF
:2009E000094F4F186F7FFE7F0090494F041A76466042B0F2045F74FFFC2E82020090D44F50
:200A0000DA0089FF001982F068F02C4E145F2E0609FF4218960189FF0218145F2E1609FF16
:200A20004218960489FF0218145F2E2609FF4318960489FF0318145F2E3609FF43189608E1
:200A400089FF0318145F2E4609FF4318964089FF03180090405F09FFC208404C0868EE0342
:200A6000DF1816806DFFB4FD09F0C20834200C21378F83F12C210C2396022C2309CF4318B8
:200A8000961089CF03180C2196042C2109FFC008EE03DF18178040C46DFFB2FD09FFC008EB
:200AA000342F0C21378F83F12C210C2396022C2309CF4318968089CF03180C2196042C2139
:200AC00009FFC4086E1640C46DFF6AFD09FFC408342F0C21378F83F12C210C2396022C23E6
:200AE00009CF4218960189CF02180C2196042C210090405CD4CF404DF4DF40F46DFF42FD99
:200B0000820440F46DFF62FF09FF5A08B70F02F089FF1A0809F0D40809CFC808C2FF37F01D
:200B20000CF0ACFA09C46C0840F46DFF4FFF09C4040909C54A0809C64D0809C74C0840F46E
:200B40006DFF76FD022840F482046DFF3FFF09CF7C088B0F2002087F370F01F22CF7486F76
:200B600009C056088B002002370F01FF09C05408370F81FF09C05108370F83F409C053086D
:200B8000370F01FE09C05008370F03F36CF609FF5C0809C05508370F04F089FF1C08483F52
:200BA00009C05808370F02F309C05A088BF02003370F04F409C05D08370F02F26CF3484F6C
:200BC00009C05908370F02F309C05B088BF02003370F04F409C05E08370F02F26CF409FFD7
:200BE0005A0809C05208370F02F089FF1A0809C4A8096D00920009C46C0840F46DFFE6FE4C
:200C000049C52D0A40D46DFFFCFEDA002CDD2CDC09C07D0889D00F08D20289D254096CD4A0
:200C20003E04DF1005003C04DA013C02DA0C09C4B009BC4909C4AE0802F56D00071689D255
:200C400084093C02820809C4B809BC4909C4B40802F56D00FB1589D288093C02820849C5ED
:200C6000200A40F46DFFF8FE09FF5008960289FF100808CF96022CFC09FF5008960189FF06
:200C8000100808CF96012CFC02820090F445820089403C08DA02894F2C08821189418808F5
:200CA0007B107EF46C41DA032C4A89400C082C4D8940100889411108894112088940130855
:200CC0008940160889401408DA07894F1508894118088941190889401A0889401B088940FD
:200CE0001C0889401D0889401E088940A2088940A0088940A40889402608DAFF894F2D08BD
:200D0000A00FEC4AEC4EEC4C8940AE088940B40889403D080090404DBD0D6300D4DCBD0CA7
:200D2000210009C4840909DF040809D85D08BD04190009C44808370F68506D00090D09C4B9
:200D4000840909C4480802856D00370DD4CF087F96202CF7D4CF0CCC086037F002F02CF690
:200D6000CCD2BD0F1A00C81409DF0C0809D85D08BD0413000884370F68506D00E90CC81435
:200D8000088402856D00190DD4F208CF0920440837F003F02C24CCD4BD0F110008CF09D5FF
:200DA000540809D85D08A6F5C81408846D00D00CC814088402856D00000DCCD6BD0F11005D
:200DC00008CF09D55C0809D85D08A6F5C81408846D00BE0CC814088402851D00EE0C0090E4
:200DE0002018404F4DC0E2FF370FE1F78B0F20F20D004003000085F0100185F12C0191006A
:200E00000028D9220C3009224009262026316E030D00000389F05409484FC21F6CF4C81457
:200E20008C426E3008FF6E039E1F009089AF1008D4F28C42370F70000C2E161F89AF100828
:200E400009AF5008D20640A58B0F01F1370F70F00B0F90F1370F50406D001715D4F440A5DC
:200E600002F41DFFC4FD3BC0004040A5D2066D000C15D4F482140CA849A50C0A2CAC1DFF0F
:200E8000B6FD2CFC009020100B451088404F406D8212405C08CFC81494D40940940837002C
:200EA00070A0DF045E00EE317F4A3000370A50400B8910686D00CE1508CFEE20C8128C222F
:200EC0006E1D821028C008FF6E033E093C120204C814D20640A56D00D8143C0B3BC0004086
:200EE000C814D20649A5040A6D00CF140CAC34AFD4F440A582146DFF7AFD01CA005694DF9D
:200F0000C814A2AF370F50400B8910686D00A215022808CFEE20C8128C226E1D821028C002
:200F200008FF6E033E093C120204C814D20640A56D00AB143C0B3BC00040C814D20649A5B5
:200F4000040A6D00A2140CAC34AFD4F440A582146DFF4DFD94DF8B080022A28FB4DF009050
:200F60004DC0E1FFD710210F494040080090DA00744F009082022008821074A054A682070A
:200F80004946C00874A654AFEE0302023C02C2F4F623DF04F4FF00908040B7001CF07B0077
:200FA000001D02487E1BB7000CFAB77F03FE4DC0E10F8FC02100A20F3C02804F60FF820928
:200FC00002946D009C0C9130002F392F3006160F4B0F41F14BF251F07BA047044B0F51F0A8
:200FE0004B0861014B0F41F04B0F7101C5F21001542154FF160F3BF000203E2C0000542FF8
:20100000A21F3F0F048082193C0554FF160F5F2FF7FF029200902008911000F8D9FFCCECF0
:2010200040A2A03404FF242FFC4E01A400F614F20090200840BF80F0B751081437410810DE
:201040004DC0E1FF16073701682837F203F037F1081889A0400909A0400900A00D00400207
:2010600000800090200840BF80F0B7410814374108104DC0E1FF16073701682837F203F037
:2010800037F1081889A0400909A0400900A00D00400200800090200840BF80F0B73108140A
:2010A000374108104DC0E1FF16073701682837F203F037F1081889A0400909A0400900A066
:2010C00000800090200840BF80F0B7210814374108104DC0E1FF16073701682837F203F0F7
:2010E00037F1081889A0400909A0400900A00D00400200800090200840BF80F0B7110814CA
:20110000374108104DC0E1FF16073701682837F203F037F1081889A0400909A0400900A005
:201120000D00400200800090200840BF80F0B7010814374108104DC0E1FF16073701682883
:2011400037F203F037F1081889A0400909A0400900A00D00400200800090200840BF80F031
:20116000B7710814374108104DC0E1FF16073701682837F203F037F1081889A0400909A04A
:2011800040090D00400200800090200840BF80F0B7610814374108104DC0E1FF160737010A
:2011A000682837F203F037F1081889A0400909A040090D00400200800090404F6D00661105
:2011C000022839FF00022E1D02846D00AC1039FF0002B70F01F0E9FF000202846D006F1163
:2011E00039FF00020090911000F8D9FF246DD4F282F27D420580481F370F4820009091402F
:2012000000FFD9FF406801F4022600907648DF140E00DF240F00DF34150000900C419680B6
:201220002C410C41B70F01F33C120C4196803C0C0C41B70F81F32C410C41B70F01F33C0703
:201240000C41B70F81F32C410C4196402C4100900C55095044088F8F00F0A6F0B71081FF89
:20126000594F00C00C5114508F8F00100C52A610095143088F0F01F0A6F08F8101F0A6F0A2
:20128000594004C000905441370168083BE05EF07E4CB70001F0B70F01F3B70F81F3B70F8F
:2012A00081F037F108183C2E3B007DF07E4BB70001F09640B70F81F3B70F81F037F1081863
:2012C0003C213BA033F27E4A8F1040F1B70F81F3B70F81F037F108183C15B70001F0B70FA1
:2012E00001F39680960237F10818094FC408374F0EF0AC420C4D96012C4D0C4CB7EF04F013
:201300002C4C744100907648DF141000DF241700DF341E000090194FEC4082309B10000083
:20132000A60F594FEC400090194FEC5082309B100000A60F594FEC500090194FEC60823004
:201340009B100000A60F594FEC600090194FEC7082309B100000A60F594FEC700090DA0164
:201360000F5F10007647BE41DF241B00DF3424000090194FEC403B0030109B011010261F3E
:20138000A6F05940EC400090194FEC503B0030109B011010261FA60F594FEC500090194FB1
:2013A000EC603B0030109B011010261FA60F594FEC600090194FEC703B0030109B01101031
:2013C000261FA60F594FEC700090DA010F5F1010820076473E49DF240B00DF340C003C11D6
:2013E000194FEC403C09194FEC503C06194FEC603C03194FEC70370F6800370168F026F023
:201400008B0020220090404F6D004010022802846D00890F39FF14029601E9FF140239FF53
:2014200018029601E9FF180202846D004810D9F21402142F6F1FFF7F02846D00740F39FFD0
:201440001C029601E9FF1C0202841D003810404C405DD4C254D04CD10BF0B081392005015B
:201460000CD837F001F2E92F0501D4C2392004010CD937F001F0E92F0401D4CF39F0050170
:201480000CDA37F001F3E9FF0501D4CF54DF14F0B700810034F082006E1060FFB0FF3700E2
:2014A00068F0D4C2867F1022392F0441C210B70F01F0E92F0441FCF454DF82096E2549DF0B
:2014C0000C0A14FFDE1BD4C2081F867F102239200641082F37F006F0E92F0641D4C2081FE6
:2014E000867F10223920044108EF40C437F001F2E92F044140F56D001104C21954DF49FF98
:20150000100A3FF9E0FF4CD182096E1A49DF0C1A14FFDE10D4C2081F867F102239200A4183
:20152000082F40C437F006F0E92F0A4140F56D009203C2194CD149FF100A3FF9EBFF028FAC
:2015400082086E5A60FEB0FED4CF09DF4C28867F10FF59F8205149DF0C2A09DFCE28EE0529
:2015600009DF5028DF1F2180D4C214FF867F1022192F34419601592F3441D4C414FFC22F9F
:20158000370F68406DFF3DFE09D0502809DFCE28342F0C21370F83F12C210C2396022C23DA
:2015A0000C2196042C2149DF242A09FFC208B06DEE03084FDE1FD4C214FF867F1022192F45
:2015C00034419640592F3441D4C414FFC26F370F68406DFF16FE084009FFC208342F0C21CF
:2015E000370F83F12C210C2396022C230C2196042C21FDE0AB7F0090405D54DF09D006096B
:201600008208404E0B0FB0F16E0A60FCB0FCD4E4370868406DFF79FEC218FCCA54DFBF2F34
:201620000A80D4E23920C0000CD437F082F2E92FC00054D08202DF00990049DF0C0A14F09C
:20164000DF108F80D4E27629DF122900DF224800DF3267001D0085003920C240082F37F001
:201660000400E920C2403920C040081F37F08100E920C0403920C040B7200201E920C040EE
:20168000083F6E6E1920EC403BF0FF1B062126108F0050015920EC403C633920C250082F5A
:2016A00037F004F0E92FC2503920C050081F37F081F0E92FC050392FC050B72F02F1E92F2C
:2016C000C050083F6E4D192FEC503BF0FF0B0620260F8F0F50F1592FEC503C423920C26048
:2016E000082F37F004F0E92FC2603920C060081F37F081F0E92FC060392FC060B72F02F18D
:20170000E92FC060083F6E2C192FEC603BF0FF0B0620260F8F0F50F1592FEC603C21392023
:20172000C270082F37F004F0E92FC2703920C070081F37F081F0E92FC070392FC070B72FCD
:2017400002F1E92FC070083F6E0B192FEC703BF0FF0B0620260F8F0F50F1592FEC70C212C3
:2017600054DFB04F3FF26DFF09DF0609BF2F0A80D4EF39F0C0000CDA37F001F1E9FFC000D8
:2017800009D006098203DF00D900821249DF1C0A822414F0DF10CB8037036800D4E2085F9F
:2017A0008630D924F0006E05C2400F0200003C04086F0F0F10005441A60174417639DF1389
:2017C0003200DF235900DF3380001D00A600B920F240082F37F005F2F92FF2403920F040E4
:2017E000081F37F081F2E92FF0403920F040083F37F001F2E92FF0403920F040084F37F0A7
:2018000081F1E92FF040087FDF0F8700192FEC403BF0FF0B0620260FB71F01FC592FEC4087
:201820003C7BB920F250082F37F005F2F92FF2503920F050081F37F081F2E92FF05039200C
:20184000F050083F37F001F2E92FF0503920F050084F37F081F1E92FF050087F6E5D192F14
:20186000EC503BF0FF0B0620260FB71F01FC592FEC503C52B920F260082F37F005F2F92FCF
:20188000F2603920F060081F37F081F2E92FF0603920F060083F37F001F2E92FF060392059
:2018A000F060084F37F081F1E92FF060087F6E34192FEC603BF0FF0B0620260FB71F01FC60
:2018C000592FEC603C29B920F270082F37F005F2F92FF2703920F070081F37F081F2E92F23
:2018E000F0703920F070083F37F001F2E92FF0703920F070084F37F081F1E92FF070087F4E
:201900006E0B192FEC703BF0FF0B0620260FB71F01FC592FEC70092F2029370368008610AA
:201920000F041000A60F892F2029C21309DF060949FF080A3FF32FFF09DFFE086E15D4E41F
:2019400009D47C086DFF5DFC09D0401809DFFE08342F0C21370F83F12C210C2396022C2395
:201960000C2196042C210090404C405DD4CF14D0081F370F81F22CF1D4C409D441086DFFEC
:2019800047FCD4C2142FB70F02F1342FD4C409D4CA086DFF7AFCD4CF082FB70F01F22CF235
:2019A000082FB70F81F22CF2D4CF086F96012CF6D4CF0CD2081037F001F22CF1D4CF088FBC
:2019C000B70F01F02CF8D4CF088FB70F01F22CF8D4C449D5030A1DFF3DFC8200370068FCE0
:2019E00086440144002696014924241AB70F81F0D44F9640968037F0080C6830092FA01966
:201A0000D442D9F530F07D520400492F100AF44F0090A00C8F4420F0104F49FF1C1A49F2E3
:201A2000080AD4250C5FAE77483FC21F6CF3D42F54FF60FC6D00310640C20090A002534423
:201A400021F0104FC85F08FFAE7354FF60F20090405FD4FC404DF4DC40C46DFFB0FB084F54
:201A60005E4CC825BD051F0040D46D008505C82540D46D0006053C165E1CC835BD051300CC
:201A800040D46D005F04C83540D46D008F033C0AC845BC5840D46D000E03C84540D46D00CB
:201AA0000502B9CF0A02B70F03F3F9CF0A02DA0059CF001240C46DFFA8FCC5F21001542196
:201AC000DA235420A2103FF0FEFF084FB9C00A0237F003F3F9CF0A02084FDE1139CF00128A
:201AE00009F06048370F04F0E9CF001239CF011209F06148370F04F0E9CF011239CF000176
:201B00009601E9CF00015420542FA20FBF4FFEFF8200D9C200013B803E103C02C210142F48
:201B20002E033F10FDFF49F5140A40D46DFF1EFF49F5200A40D46DFF61FD49F5241A40D45A
:201B40001DFF87FC49AA18BA404C405D40D46DFF4CFB91100028D922D0EC4924140A49AF2E
:201B6000140A0940480189F048014925200A444F64FF49AF200AA0740950480189F04801CB
:201B8000FC4C445F64FF4922241A49A4241AC50F16000920480189404801FCFC8F9220F08C
:201BA000910000F7D9FF0C1110F5442F644F8FC220F089A5B419495F002A91000027F8217E
:201BC000D9220C101022495F004AF8254954006AA00FDA0489A4A429F4CF2CC489A2B42964
:201BE000D924400089A48439ECC2D924800089A49439D922C000ECC389A2A439ECC449AF7F
:201C0000140A49C2140A09F048018920480149A4200A44FF642F49CF200AA0720940480176
:201C200089F04801FC2C444F64FF49AF241A49C2241AC504160009F0480189204801FC4CEA
:201C400044FF642FDA0089CF204889CF2148F4CD009040560962410840478F4220F00963E4
:201C6000080910728200C5043E0089221C14402C0965840989C58405D4CF892F8805020441
:201C80000961CC08E201423174F1682408FF96012CFF08FFB70F81F02CFF08FF96402CFF85
:201CA00008FF96802CFF49FF100AC2100961CC08FD40EA7FE210423074F0682408FF9601D2
:201CC0002CFF08FFB70F81F02CFF08FF96402CFF08FF96802CFF49FF100AD4C4F4248F720D
:201CE00020F0D4721022B92108410960CC0886E037018C01F9200841D472102254C059206A
:201D00001C41D472102280F059202841D47F10FFDA3F59FF30410090095241084046534209
:201D200021F0095308098204A072106F024589F20C0440F7095484098974840549F4080A46
:201D4000095FCC08ACF8D47FF44F0950CC08E240423074F0681509F0C8080951CC0837102D
:201D60000EF0ACF4089FB70F02F32CF909F0CA08B7000EF0ACF508BFB70F01F32CFB08BFAE
:201D8000B70F81F32CFB49FF100AC214FD20DF7FD47FF44F8F7220F0D46F10FF547059F029
:201DA0001441D46F10FFDA0759FF2C410090534521F04047107F49FC0C0A09C2D00849CD73
:201DC000080A4B241102D4D5AB100031405F495E100A0950CC08024137100FF0AC560C5E58
:201DE000B70F01F12C5E0C5E96032C5E0950CE08B70083F3AC570C5F820149C6040A8BF32C
:201E00001F60B70F02F12C5FDF033C006033B0F35F61118008FF96102CFF08BF96802CFB7E
:201E200008FFB70F81F22CFF09F0C80837400EF03C1408FFB70F01F22CFF08FFB70F81F27E
:201E40002CFF08BFB70F81F32CFB09FFC80809C0D008370F0EF0A224ACF408FF96802CFFC4
:201E6000D462D4D4492F301A7DF40480F4D23C04494F100AF4DFD4DFC21140FEFD30CA7F08
:201E80000C5F96202C5FF4D5D47F8F7520F010FF80EF59FF2041407402546D001A04F4DEC8
:201EA0004CC3C21F6CC30090404C405DD4C2D4DFD9220802BD0F1600142008CF37F002F2F4
:201EC000342FC81408846D002D04C814088482056D003E04C814088482056D006E043C04ED
:201EE000142F9630342FD4C2CCD1D9220802BD0F1600142008CF37F002F3342FC81408846A
:201F00006D001004C814088482056D002104C814088482056D0051043C04142F96C0342FD2
:201F2000CCD2D4C239200A0208CF37F002F2E92F0A02C81408846D00F503C8140884820536
:201F40006D000604C814088482056D003604CCD3D4C23920080208CF37F002F1E92F0802C9
:201F6000C81408846D00DE03C814088482056D00EF03C814088482056D001F04CCD4D4C2A8
:201F80003920090208CF37F002F0E92F0902C81408846D00C703C814088482056D00D803F4
:201FA000C814088482056D000804D4C2CCD5D9220902BD0F1600142008CF37F002F1342F12
:201FC000C81408846D00AE03C814088482056D00BF03C814088482056D00EF033C04142F8C
:201FE000960C342FCCD6D4C23920090208CF37F002F2E92F0902C81408846D009303C814E4
:20200000088482056D00A403C814088482056D00D403CCD7D4C23920090208CF37F002F3D6
:20202000E92F0902C81408846D007C03C814088482056D008D03C814088482056D00BD0321
:20204000CCD8D4C239200A0208CF37F002F0E92F0A02C81408846D006503C81408848205A1
:202060006D007603C814088482056D00A603CCD9D4C239200A0208CF37F002F1E92F0A02C0
:20208000C81408846D004E03C814088482056D005F03C814088482056D008F0309DF8419E9
:2020A000D4C23920080208CF37F002F0E92F08020090405CCCCAC81408846D00330308CF71
:2020C000C8148F0F485108846D004203C814088482056D007203CCCBBD0F1200C814088401
:2020E0006D00200308CFC8148F0F485108846D002F03C814088482056D005F03CCCCC81409
:2021000008846D000F0308CFC8148F0F485108846D001E03C814088482056D004E03CCCD6A
:20212000C81408846D00FE0208CFC8148F0F485108846D000D03C814088482056D003D033B
:20214000CCCEC81408846D00ED0208CFC8148F0F485108846D00FC02C814088482056D00E4
:202160002C03CCCFC81408846D00DC0208CFC8148F0F485108846D00EB02C8140884820523
:202180006D001B0309CF8019C81408846D00CA0208CFC8148F0F485108846D00D902C81408
:2021A000088482051D0009032010CC58F8030952A409F4A2CC5AF801CC5EF802CC5DD44274
:2021C000095C9809095DAC09095E9C093920080208CF37F002F0E92F0802D44F39F0080207
:2021E0000CCC37F002F1E9FF0802D44F39F009020CDC37F002F0E9FF0902D44F39F0090259
:202200000CEC37F002F2E9FF0902D44239200902D80308CF37F002F3E92F0902D4423920DE
:202220000A02D4AF08CF37F002F0E92F0A02D44239200A02D80108CF37F002F1E92F0A0292
:2022400009C4840909C448086D006C0209D4840909D448086D00660209E4840909E4480809
:202260006D006002D803C81408846D005B02D4AFC81408846D005602D801C81408846D0024
:202280005102D802C81408846D004C0209C4840909C4480882056D005B0209D4840909D4DF
:2022A000480882056D00540209E4840909E4480882056D004D02D8038205C81408846D0053
:2022C0004702D4AF8205C81408846D004102D8018205C81408846D003B02D8028205C814E4
:2022E00008846D00350209C4840909C4480882356D00630209D4840909D4480882356D00F3
:202300005C0209E4840909E4480882356D005502D8038235C81408846D004F02D4AF82353B
:20232000C81408846D004902D8018235C81408846D004302D802C814088482351D003D027E
:202340002018095CB009D45DCC55F80409528409F4A2CC52F801CC53F802CC54F803CC5DE7
:2023600009C4840909C448086D00DC01C81408846D00D80109D4840909D448086D00D20117
:20238000D804C81408846D00CD01D4AFC81408846D00C801D801C81408846D00C301D80251
:2023A000C81408846D00BE01D803C81408846D00B9010CCC09C484098F0F485109C4480899
:2023C0006D00C6010CDC09D484098F0F485109D448086D00BD01D80408CFC8148F0F485122
:2023E00008846D00B501D4AF08CFC8148F0F485108846D00AD01D80108CFC8148F0F485157
:2024000008846D00A501D80208CFC8148F0F485108846D009D01D80308CFC8148F0F4851FD
:2024200008846D00950109C4840909C4480882356D00C30109D4840909D4480882356D00F3
:20244000BC01D8048235C81408846D00B601D4AF8235C81408846D00B001D8018235C81474
:2024600008846D00AA01D8028235C81408846D00A401D803C814088482351D009E01D45FC4
:20248000095C8409095D8809095E8C0909529009D445395008020C2C37F002F0E95F080214
:2024A000D442392008020CCC37F002F1E92F0802D4423920090208CF37F002F0E92F090202
:2024C000D442392009020CDC37F002F2E92F0902D442392009020CEC37F002F3E92F0902AB
:2024E000C81408846D001E0109C4840909C448086D00180109D4840909D448086D001201D4
:2025000009E4840909E448086D000C01C814088482056D001D0109C4840909C44808820512
:202520006D00160109D4840909D4480882056D000F0109E4840909E4480882056D000801C8
:20254000C814088482056D00380109C4840909C4480882056D00310109D4840909D44808B2
:2025600082056D002A0109E4840909E4480882051D002301CC56095CA009095D9409095E23
:202580009C09C81408846D00CD0009C4840909C448086D00C70009D4840909D448086D0045
:2025A000C10009E4840909E448086D00BB0008CFC8148F0F485108846D00CA000CCC09C429
:2025C00084098F0F485109C448086D00C1000CDC09D484098F0F485109D448086D00B80011
:2025E0000CEC09E484098F0F485109E448086D00AF00C814088482056D00DF0009C4840944
:2026000009C4480882056D00D80009D4840909D4480882056D00D10009E4840909E44808BE
:2026200082051D00CA00534421F0104FC84209F494054925301A7D5404004942100AF4F26D
:202640000090D44F14FF960134FF8200764F604FB0FF370068F0D442867F1022392F0841B8
:20266000C2109601E92F0841FCF50090D44F14FF960234FF8200764F604FB0FF370068F0DA
:20268000D442867F1022392F0441C2109601E92F0441FCF50090D44F8F7420F010FF19FF9C
:2026A00020516F8F150019FF20512E74DA8059FF2051D44F14FF960134FFD44F867401F436
:2026C00000F639FF08419601E9FF08410090404F0248D4F28F7820F01022192F20516F1FFC
:2026E0002000192F20512E24DA04592F20510284D4F482056DFF6BF676260284D4F48205C5
:202700006DFF2FF6D4F2142F9602342FD4FF867801F800F639FF04419601E9FF0441009093
:20272000404F024F6D00C206022802846D001C06821049FF241A0FF000100FF010000213FA
:20274000020249F2400802841D00DA06024F914000FF8F3F0081404C0259D9FF800C8FEF36
:202760003FA049CD100A86387DFC0800914000FFD9FF804C7DFC15806D008806022B02B4AB
:202780006D00D10509C0201982110FF1101082FFC6F1261089C0201902B46D00900601DABD
:2027A00002F6DAFF0F8F00F00F89109002F3029249F2400800900248404F02596D006606D9
:2027C000022A02A46D00AF058FD83FF090FF8F7800F149FF001A8F2F2000DA0F0F0F00F0B2
:2027E0000F09109002F3029249F2400802A41D00660620108208911000F8D9FF3CFD40A2A0
:20280000A0F404FF242FFC4E913000FFD9FF011614FF370F62F21E139E213C1482146D00E5
:202820006E0014FF160F6E0E14FF160F10AF14FF4B0F61F14BF251803C05BB0068899B88A2
:20284000B98402820090024882046D005800913000FFD9FF310614F0370063F26E061E1F82
:202860009E239E379E4B3C1F14FF160F6E1C14FF160F4B0F41014B0251203C167B001FF44A
:202880004BF251203C117B0027F44BF251203C0C7B002FF44BF251203C077B0037F44BF23F
:2028A00051203C028202DA007688DF180C00DF280F00DF3812003C15913000FF19FF00267C
:2028C0003C11913000FF19FF04263C0C913000FF19FF08263C07913000FF19FF0C263C02D0
:2028E00082026E0B8B0F04F14B0F61F17B00C8034B0F41F04BF241200090913000FF39FFA9
:202900003306370F62F26E041E181D00D600BB00C22B9BE2CB2400907647DF143700DF24BB
:2029200070001D00CA00D9FF1B0614FF370F62F3EE06BB00C2FB9BEFCBF43C0F14FF370F40
:2029400062F31E1514FF370F62F35E26BB0068F99B8FB9F43C02DA009130002F392019064A
:202960003700E700C2104B0041014B0F4110392F1C061607921014FF1607C21FE2F04B00B8
:2029800041F14BF151200090913000FFD9FF1B0614FF370F62F3EE06BB00C2FB9BEFCBF4AC
:2029A0003C0F14FF370F62F31E1514FF370F62F35E26BB0068F99B8FB9F43C02DA009130ED
:2029C00000FF39F029063700E700C2104B0041014B0F411039FF2B061607921039FF2C06E6
:2029E0001607C21FE2F04B0041F14BF1512039FF3406AE757B00F0F34BF2412000909130FB
:202A000000FFD9FF1B0614FF370F62F3EE06BB00C2FB9BEFCBF43C0F14FF370F62F31E152F
:202A200014FF370F62F35E26BB0068F99B8FB9F43C02DA00913000FFD9FF2B069130002FA0
:202A4000D92229069130004FD9442D069130005F395028066F001C8014203700E700C210E6
:202A60004B0041014B0F411014FF16079210144F1607C21FE2F04B0041F1BBD0CC0C9BC0DE
:202A8000FC034B0F41F04BF15120009014203700E700C2104B0041014B0F411014FF1607E3
:202AA0009210144F1607C21FE2F086104B0041F14BF1512000908202009082046DFF1FFFCD
:202AC000913000FFD9FF310614FF370F63F26E061E1F9E239E379E4B3C1F14FF160F6E1C2C
:202AE00014FF160F4B0F41F14BF2512000907B001FF44BF2512000907B0027F44BF25120C4
:202B000000907B002FF44BF2512000907B0037F44BF251200090820200902018404C820209
:202B2000913000DFD9DD28A654DF370F6EF18FFF830154DF2E1C8F2020F09130002F9601C4
:202B400054D1B7011010A61F592F28A68F202030913000FFD9FF28A6F8028F2340F154D0F7
:202B6000B7001000A6F074F054D06F00FFFF3B0000810280913000FFD9FF3306F80414FFE5
:202B80002E78C2F04E0382123C0414F16F71FBFF913000FFD9FF3006F4AF54F03700681C69
:202BA000B70102F2964037F0080C74F00280D80414FF2E78C2F04E0382123C0414FF6F7F05
:202BC000FBFF9130002FD922B406DABC742F913000EF19EFA0563B20FE0F260F59EFA05694
:202BE00019EFA456260F59EFA45619EFA85626F059E0A856DA00742F40E4D9441A06144FC8
:202C0000B70F01F0344F40E5D9552A06145FB70F01F0345F3B000043024FD9EE14069130C9
:202C200000FF3C05C2FF4EF382123C0814E06F10FB7F39F024066F10F77F0CC41E12DE2146
:202C400019FF10063B90D00354C106604B011102B70F82F28B101F00370F05F859FF100629
:202C600019F018060CC637F0030C0CC737F087040CC437F0020F59F0180619F028060CCE20
:202C800037F001000CCA37F0030C0CCB37F0870459F02806144F9601344F145F9601345FE6
:202CA000024F3C05C2FF4EF382123C0814E06F10FBFF39F024066F10F7FF3B000096029F01
:202CC0003C05C2FF4EF382123C0E14E06F50FB7F913000FFD9FF240614F06F50F47F14F0AA
:202CE0006F40F17F913000FFD9FF1C06F80314F00CC837F003F034FF913000FF19F02C06E0
:202D00000CCC37F003000CCD37F0030459F02C06029F3C05C2FF4EF382123C0E14E06F50BA
:202D2000FB7F913000FFD9FF240614F06F50F47F14F06F40F17F3BF04902913000FF065072
:202D40003C05C2F04E0382123C0839FF1006AE1539FF11066F0FF77F144F9604344F145F10
:202D60009604345F3C05C2F44E4382123C0814EF6F2FFB7F39FF24066F2FF77FDABC742FFC
:202D8000DA0559FFA006DA1D59FFA076DA00742FD4AF54F0370068FCB71F02F2964037F04B
:202DA000080C0281D80414FF2E78C2F14E1382123C0414FF6F7FFBFFD4AF74F00280D804BF
:202DC00014FF2E78C2F04E0382123C0414FF6F7FFBFF54DF2E198F1340F154D0D802B70066
:202DE0001000A60F74FF8F3340F154D0D802B7001000A60F74FF54DF6F0FFF7F022FEE0568
:202E000009C4A0196D00D701DF0F5B8149C21C0A820254DF370F6EF18FFF830154DF2E1A03
:202E20008F2020F0960154D1D802B7011010A61F74FF8F2020308F2340F154D0D802B70096
:202E40001000A6F074F054D06F00FFFFD4AF54F082F14CC8D804C6F12610542126F1A6107E
:202E6000028114FF2E78C2F14E1382123C0414FF6F7FFBFFD4AF74F00280D80414FF2E7835
:202E8000C2F04E0382123C0414FF6F7FFBFF913000FFD9FF340654F0370062F2EE07370093
:202EA00062FAEE04370062FE6E2954F082F14CCA09C42409C6F19130002F2610D9223706BA
:202EC000264FA6F0B70002020281B700020AB700020E142F2E78C2F14E1382123C04142F0B
:202EE0006F7FFBFF74F00280142F2E78C2F04E0382123C04142F6F7FFBFF9130002FD9222E
:202F0000370654F009C1280982FFC61F26F04CC926F1A6100281142F2E78C2F14E138212C3
:202F20003C04142F6F7FFBFF74F00280142F2E78C2F04E0382123C04142F6F7FFBFF913094
:202F400000FFD9FF001654FF370F62F66E2554F082F14CCC09C42C09C6F19130002F261052
:202F6000D9220316264FA6F0B70002060281142F2E78C2F14E1382123C04142F6F7FFBFFF4
:202F800074F00280142F2E78C2F04E0382123C04142F6F7FFBFF9130002FD922031654F018
:202FA00009C1300982FFC61F26F04CCB26F1A6100281142F2E78C2F14E1382123C04142F17
:202FC0006F7FFBFF74F00280142F2E78C2F04E0382123C04142F6F7FFBFF913000FFD9FFA0
:202FE0000C1654F082F14CCE09C43409C6F19130002F2610D9220F16264FA6F0B710010FF5
:203000000281142F2E78C2F14E1382123C04142F6F7FFBFF74F0142F2E78C2F84E838212C5
:203020003C04142F6F7FFBFF913000FF19F0002609C1001982F40F41C0F026F04CCF26F195
:20304000A61059F0002619FF042609C008190F40C010261F09C104192610A60F59FF042667
:2030600019FF082609C010190F40C010261F09C10C192610A60F59FF082619FF0C2609C041
:203080001819C604264F09C114192610A60F59FF0C2654DF2E198F1340F154D0D802B70052
:2030A0001000A60F74FF8F3340F154D0D802B7001000A60F74FF54DF6F0FFF7F022FEE7832
:2030C00049CF140AF801820A54DF02A814F0370F6EF18FFF83F1DF006B008F2F20B0913014
:2030E00000FF8F2B40C1D9FF30068F3B40D1F4AF54DF2E198F1B40F154D0D802B700100070
:20310000A60F74FF54DFD802B70F10F0A6CF74FF54DF6F0FFFFF029014EFAE58C2F04E037F
:20312000821A3C0414EF6F5FFB7FD8035368202014F0CCC601F200F614F1D80337100300E9
:2031400034F054DF2E198F1B40F154D0D802B7001000A6F074F054DFD802B70F10F0A6DFDF
:2031600074FF54DF6F0FFF7FCCC6820401F200F609FE02096DFFC3FBD4AF14FF160F4B0F5B
:2031800041F14BF251F04BEF41F04B0F71F185F11001C5FF100154F0A2103FF0FEFFC21800
:2031A000D8013708688014FF3FF8A4FF02AF02F2009014400C41DF101580911000F8D9FF57
:2031C0004C0D90FF54F3913000FFD9FF1B0614FF370F62F3EE07BB00C2FB9BEFCBF43C1057
:2031E000009014FF370F62F31E1514FF370F62F35E26BB0068F99B8FB9F43C02DA00913060
:20320000002F392019063700E700C2104B0041014B0F410014FFBB00A01B9BB1A5147B8066
:203220002C241607C21F4B0F41F14B2351204BF051F07B0000044B0241004B1F51F07B0026
:2032400020147B00F0234BF041806B1861F24B0F71F1323F37F910906D002801022F02F420
:203260006D008200913000FF19F1200637097000BB00402FA6203701101059F1200619F0FE
:203280001806B710010159F0180602F41D003801024F82046DFF33FB4BF251004B0031F128
:2032A0004B0F41116B0131007B00F0134B10010037006101420F8B1F60839A98FF7F05803F
:2032C0008F1800F18AF88BE800F2ABC8A08F6D00ED00022F02F46D004700913000FFD9FF00
:2032E0000C1654F0913000CFD9CC0F1637800400B710010F14C16F71FFFF74F002F46D0002
:20330000FF0014CF6F7FFFFF82046DFFF8FA913000FF39FF0C16160F4B0F41F14BF2512082
:2033200000904DC0E1FF160753CF20F060FF9130003F30F3D93F0C9654FF2E198F2420F028
:20334000960154F0B7001000A60F74FF86248F2440F154F0B7001000A60F74FF54FF6F0F11
:20336000FFFF0090913000FFD9FF28A654FF2E1C8F2420F0960154F0B7001000A60F9130E1
:20338000002F592F28A686248F2440F154F0B7001000A60F9130002F592F28A654FF6F0F43
:2033A000FFFF00904DC0E1FF160753CF20F060FF9130003F30F3D93F0C9654FF2E198F24BA
:2033C00020F0960154F0B7001000A60F74FF86248F2440F154F0B7001000A60F74FF54FFFF
:2033E0006F0FFFFF084F96082CF454FF2E188F1440F154F0B7001000A60F74FF8F3440F1A8
:2034000054F0B7001000A60F74FF54FF6F0FFF7F0090913000FFD9FF28A654FF2E1C8F24E4
:2034200020F09130002F960154F0B7001000A60F592F28A686249130002FD92228A68F24C9
:2034400040F154F0B7001000A60F742F54FF6F0FFFFF9130004F394F2CA69608E94F2CA6F7
:2034600054FF2E188F1440F154F0B7001000A60F742F8F3440F154F0B7001000A60F742F25
:2034800054FF6F0FFF7F00904DC0E1FF160753CF20F060FF9130003F30F3193F0C96370F4F
:2034A0006EF18FFF83210090913000FF19FF28A6370F6EF18FFF832100904DC0E1FF1607D4
:2034C00053CF20F060FF9130003F30F3D93F0C9654FF2E198F2420F0960154F0B70010007F
:2034E000A60F74FF86248F3440F154F0B7001000A60F74FF54FF6F0FFF7F0090913000FF34
:20350000D9FF28A654FF2E1C8F2420F0960154F0B7001000A60F9130002F592F28A686245E
:203520008F3440F154F0B7001000A60F9130002F592F28A654FF6F0FFF7F00900940380928
:2035400009413C09145FEE0D0C530953420837F005000C51821237F10111373005043C0F57
:203560005E1D0C530953420837F005080C51821237F101133730050C3C02820289413C0921
:203580008940380982F0911000F8D9FF682DA032D4F67D460680481F370F48003C0449FF47
:2035A000080AFC270951C808DF0118000C51914000FFD9FF00C801F003F66E02B04F095035
:2035C0004A0834F1081F370F83F12CF1083F96022CF3081F96042CF10C5209401009094190
:2035E0002C098B0F0031CE3E3B00FEFF3FF307008B030230170180133C0CA2F30F310010B6
:203600003C08DA207FF305000F3000103C028201145F904F68C1145FEE05094F40189601BD
:203620003C055E16094F40189604894F0018145FEE05094F7C0896013C055E16094F7C0831
:203640009610894F3C080C520940100909412C098B0F0031CE3E3B00FEFF3FF307008B0393
:203660000230170180033C0CA2F30F3100003C08DA207FF305000F3000003C028200145147
:203680004C51014102F642F068C00090DA00344F2C423BF00100894003082C4182F08940F6
:2036A0000409AC442C4A009082139130002FD92234A6542F370F6EF18FFF8301915002FF91
:2036C00039FF2C086F0F600082259BC5FF5F91100048BB00526C9BB6BF64D94424BD062041
:2036E00040457BC0FF4F095F840582F73C440F40A0F09130006FD96634A6746F542F6F1FB6
:20370000FFFFC8173C0CD47C54C14C7209720409C67F26F1A62174C149770C0A807114F2B4
:20372000481F53C2202042F23F21EFFF9150027FD9770B48147F9640347F0F50A0F0746F58
:20374000542F6F1FFF7F482FC5F610014B6F41F04B0F71F154625461A2213FF1FEFF3B005A
:2037600010F0C2FF4EF382033C0414716F61FBFF49FF0C0A80FF1442545853C2201042814C
:203780003F1FB7FF023FEE0200A0DC0B00908210915002FF39FF2C086F0F21009110002885
:2037A000D9222CBD142F82026E124924040A53C220F0D44F10FFD4F55451482F481326F1B5
:2037C00014243A31C212EA003F42F37F7607915002FF39FF2E081620EA00F60200A0DC0B29
:2037E00000900090D44F094FC408C2F410FF3704504014FF245F094FC4080940C608C21F20
:20380000370F70100B0130F1EA0189418408FF14EB7F40520090D44F094FC408045010FF2B
:20382000C2F434F037045040094FC4080940C608C21F370F70100B0130F1EA018941840893
:20384000FF14EB7F40520090C2344042370450F08211B70F0200DA00894F180889411908BE
:2038600080418B310210B70103107441AC42AC47894F0A09894F0609AC49AC488940940838
:20388000894596080090024A404F820920080298DF0ADE00D4F2F4A288AFACA3888FACA2F6
:2038A00091000028D9220C30092040090B0610F10B1780F2EE0891000028D9220C30092CE5
:2038C00040093C1D4DC0E2FF370FE1F78B0F20F20D004003000085F0100185F12C01910084
:2038E0000028D9220C3009224009262026316E030D0000030B6040C00B7150D04DC0E2FFE2
:20390000370FE1F78B0F20420D0040030000882F0BFA80013700500088BF4BF00122A23002
:203920003700500089F918080B0A801088AF0BF180F189FF060976430D000003020BDF0BBE
:20394000260040A402B46DFF4FFF40254DC0E20F3700E1078B0020020D0040030000882FB7
:20396000A2BFACF2820109FF0A096E0AA2BF89FF0A094EF6DA0189F10A0989FF1908760368
:203980000D000003A2BA370A50A0DF082E8091000028D9220C30092040090B0C00210B1D33
:2039A00000227623DA003C1F4DC0E20F3700E1078B0020F20D004003000085F4100185F509
:2039C0002C0191000028D9220C3009204009264026516E030D0000030BC050F10BD100F220
:2039E0000B1D90F26E05DA0089FF06093C2DDF0A2A0009FF5808EE22DF0220804DC0E2FFD6
:203A0000370FE1F78B0F20F20D004003000085F0100185F12C0191000028D9220C30092446
:203A20004009264026516E030D0000030BC050F10BD100F20B1D90F26EDD09FF58088B0F0E
:203A40000082DF0A5DFF09AFC408ACF802A20090024A404F820920080298DF0AE500D4F287
:203A6000F4A288AFACA3889FACA291000028D9220C30092040090B0610F10B1780F2EE08B7
:203A800091000028D9220C30092C40093C1D4DC0E2FF370FE1F78B0F20F20D004003000057
:203AA00085F0100185F12C0191000028D9220C3009224009262026316E030D0000030B60F0
:203AC00040C00B7150D04DC0E2FF370FE1F78B0F20120D0040030000882088AF52000B0ADC
:203AE00080013700500088BF4BF00122A2303700500089F919080B0A802088AF0BF280F1C3
:203B000089FF0A0976130D000003020BDF0B2B0040A402B46DFF81FE40254DC0E20F370030
:203B2000E1078B0020120D0040030000882F12B0A8208870882F0BF0A0F1ACF7820009FFE7
:203B400006096E0AA2BF89FF06094EF6DA0189F0060989FF180876130D000003A2BA370A61
:203B600050A0DF082E8091000028D9220C30092040090B0C00210B1D00227623DA003C1F0E
:203B80004DC0E20F3700E1078B0020F20D004003000085F4100185F52C0191000028D92236
:203BA0000C3009204009264026516E030D0000030BC050F10BD100F20B1D90F26E05DA0028
:203BC00089FF0A093C2DDF0A2A0009FF5908EE22DF0220804DC0E2FF370FE1F78B0F20F21C
:203BE0000D004003000085F0100185F12C0191000028D9220C3009244009264026516E0398
:203C00000D0000030BC050F10BD100F20B1D90F26EDD09FF59088B0F0082DF0A56FF09AF4A
:203C2000C408ACF902A200904DC0E1FF16078B5F20F353CF20F060FF9130003F30F3D93F0C
:203C40000C9654FF2E1B8F2400F0960154F0370070088F000100A60F74FF06248F2440F133
:203C600054F0370070088F000100A60F74FF54FF084F96082CF454FF2E1A8F1440F154F07E
:203C8000370070088F000100A60F74FF8F3440F154F0370070088F000100A60F74FF54FFCB
:203CA0000090913000FFD9FF28A654FF2E1E8F2400F09130002F960154F0370070088F00C3
:203CC0000100A60F592F28A606249130002FD92228A68F2440F154F0370070088F0001008E
:203CE000A60F742F542F9130004F394F2CA69608E94F2CA654FF2E1A8F1440F154F03700ED
:203D000070088F000100A60F742F8F3440F154F0370070088F000100A60F742F542F009061
:203D20006D0098011D00DB194DC0E1FF16078B5F20F353CF20F060FF9130003F30F3D93F99
:203D40000C9654FF2E1B8F2400F0960154F0370070088F000100A60F74FF06248F2440F132
:203D600054F0370070088F000100A60F74FF54FF084FB70F81F12CF454FF2E1A8F1440F127
:203D800054F0370070088F000100A60F74FF8F3440F154F0370070088F000100A60F74FFD9
:203DA00054FF0090913000FFD9FF28A654FF2E1E8F2400F09130002F960154F037007008FE
:203DC0008F000100A60F592F28A606249130002FD92228A68F2440F154F0370070088F00FF
:203DE0000100A60F742F542F9130004F394F2CA6B70F81F1E94F2CA654FF2E1A8F1440F1CC
:203E000054F0370070088F000100A60F742F8F3440F154F0370070088F000100A60F742FF8
:203E2000542F0090BB00C20B9BE0CB04913000FFD9FF1B0614FF370F62F31E225E16BB00C7
:203E400068199B81B9143C0202019130002F392F3306370F62F26E16392F1906370FE7F064
:203E6000C21F4B0F61F14BF1411014FF16079210392F1C061607C21FE2F04B0061F14BF123
:203E80005100402F39FF3006160F4B0F41F14BF051200090544F2E1B8F2400F0960154404D
:203EA000370070088F000100A60F744F06248F3440F15440370070088F000100A60F744FE2
:203EC000544F0090913000FFD9FF28A654FF2E1E9130002F8F2400F0960154F0370070088D
:203EE0008F000100A60F592F28A69130002F06248F3440F154F0370070088F000100A60FE1
:203F0000592F28A6192F28A6009091200030304306F4093F088591200030374F9FF0304319
:203F2000893F0885912000303043093F1485EF8F0900B70F01FC912000303043893F1485F8
:203F400000900D00000291000047D9440C916DFF49E70D0040020080206040A4910000F8D8
:203F600099F524306DFF94E67B107EF47801DA1D89AFA0084DC0E1FF8F7F00416DFF4DE84F
:203F800089A22608910000F7D9FF2891F80C3B0010F089AFAE08911000F8D9FF486D49A271
:203FA000001AA03409F0480189204801FC4C49AF001AF80A91000047D9440C9140A51DFFF0
:203FC0009AE52008B4A4910000F8D9FF0C3040459100004709F44009D9440C9140A61DFFE6
:203FE00054E78F841EF08F0F0801B70408FC3704E81BB71F812BDA7F7FF1048082020090DE
:20400000DA967F1F048082023C068B6109F1325F0FF2002037024820760432523702482070
:2040200000908202022F6F740B00404F3C03C212B02F7F52040094FFEEFBDA01EE09820225
:204040003C03C212B0147F520400144FEEFB009091100048D9446C5F1D0002008208404FCF
:204060008209820A820BC81CC82D483C09FF1001DF1F238080CF160180D08F100001FE042D
:204080006E04C2FC04DF24CF76CF8F3C00018FEC1FF06E0902F140D2C2F16014442164C152
:2040A000FC4E90DD020CDF0CE07FC2FC60C204DF24CFFC2E3CD9DE2580CF2E03C2FC24C9CE
:2040C000DF0CD37F8F3C00F106EC76C5C2FC60C264CAFC2F6EC9C2FF60F224CBFC2F3CC41D
:2040E0008F0F1F00DF002E008F3F0001DF102B8080CF8F3F00D180DF1603FEDB76DB02D427
:2041000040C440D56D00480B01CD00C601DD00D6A2DC76CF8F3C00018FEC1FF06E0902F1FB
:2041200040D2C2F16014442164C1FC4E90DD020CDF0C9B7F02C440C440D56D002D0B3C949E
:2041400000901603DF2F91FF80CF16036E0702F440C46D000A0B10CCA2FCDF0C867F8F3C8A
:20416000004106EC76C5C2FC60C264C8FC2FDF047C7F40C46D00F90A1DFF77FF00902048BE
:2041800089A4340989A6200989A73009DA01A00F09AD0819820E780B370DE88B89AE001979
:2041A00002D089AE3809B70089ABF8078BF80F0289A0240902EF780A025C404C405D76066B
:2041C00076A5580B780A02EF7809BA087811F6CA3B70060058083E043B7004007E03821C41
:2041E0003C22580C6F5F20803B10060058083E043B100400FE08F6A302EC3C15827C8F3AA8
:20420000000082013C06C2FC8FC31F107723000E0B011028FBF0000026202631BA008B01E0
:2042200000F4EEF202EF780F02D46D00900C7625DA2D780F67DDBFDFEE0E580C8F8F0101C8
:20424000DA087E03DA2B3C068B000102580FAB0FA2F0780F09A03809AA1089A03809580A7C
:204260006E155808911000F8D9FF686D10FF081F2E37910000F8D9FF3C00F8073C1B9100F6
:2042800000F8D9FF3020F8073C1558096E1C5808911000F8D9FF686D10FF081F2E369100F2
:2042A00000F8D9FF3C203C05910000F8D9FF0030F807580EBB90FF0F923D580C260F780C56
:2042C0001D005E013B10060058083E053B1004005F0F2380580EAB1818889230F6C3580C66
:2042E0002E22C21042C08B2000D03BC0F9FF7F8F0500DA643FF80400DA033C093B60FFFFE5
:204300007F8F0500DA0A3FF80400DA02780B580B42FD1D00350149AE0C0ADF08560049A4E0
:20432000180A02D46D00A01D5806022D370F7FF082006E35B71A81AB8B181880DA187FF853
:2043400008008B7801F1325F0FFA00A03C0EEFFA0800C22ADA054BFA11A2C21E3C02061AEA
:20436000C2F8DA187FF8F57F49AF180ADF0A1200DA0A4BFA1102C21E23F00AFA020A8B0FB8
:2043800003F089FF3FF4DF00F5FF3C0304FF24EF49A2180A012F20F4EEFA3C164B0D01F073
:2043A0006F2F13007B0012047B00F8133C044B0D41D0C2FE4B0D41F078024B0D41F04B1FD6
:2043C00001F06F0FF6FF3B600610580802C03E143B6004107E130BEC00003B5006103E142A
:2043E0003B5004107E12C210CE03DA003C038BA000F310AF49FF0C0A3C117B0012F449A4DC
:20440000080A4BFD41406D002F1D022D09A408096DFFE9FD8B0203F024EF01EF20F4EE063E
:2044200049A2180A012E20F4EEE909FF000840F2C25F3C0A49A20C0A01F230F4EE0740F26D
:2044400009FF3FF4C21F34FF3C06DA3134FFC21E49F2010A09F00008DA393F0FED7F820017
:2044600089203FF049AF0C0A01F220F4EE0609210008DA305F1FF67F3B5006005808BE007D
:204480003B5004003E0D3B6006005F0F3A003B6004005F0F36003FEC0400FFDE3200580E12
:2044A0003B50061049AF0C0A921D580809A00C083E143B5004107E1C760349AF0D0A14FF5B
:2044C000EE04580CAE2276C2C21D42CD3C1702C176058BFC1F1049AF0D0A14FFEE03580CD2
:2044E0002E22C21D82003C0814FFEE03580C2E23C21DB01FC2103F10F97FC24D3C403B60A1
:2045000006003E043B6004007E0DFA1EAB1EA0DF580E42FDF6C4580C6F2F320042CDC21D48
:204520003C2E02C149AF0C0A4EE4580E921D3C0C580E02E012ED14FF6E02B01FABF11F114C
:20454000C2F0DF00FAFF14FF6E02F614580C6F2F1700C21D02E032503C04C2F0C21DC2F164
:204560007617FF10FC7F3C04C21DB01FC2F1761314FFEEFB580C16042B1D00DF580F6E0D77
:20458000580C16036E0A61FF6EDF09A43C0940C46D00C508DA00780FD807BD0F1A803B1058
:2045A000060058083E043B100400FE02580C16036E0F54DFC22F61FF43DF6D00B0085808DF
:2045C00040C48B7F01406D00AA08DA017810580C6F0F1680580DA2DF3C0F61FF44DF580C7A
:2045E00040C416028B0F20F2864F8B0F02406D009608580DC2FF780DFF1FF17F580F6E0821
:2046000061FF31DF09A43C0940C46D008808D807BCFA40F440C56D00910854DFC23F74DFDC
:204620001D0074013B10060058083E053B1004005F0F8F808F2C200058118B7001018B1F3D
:2046400003E1BF101C008202DA177FF0070082110F01101026A17612821282F1C2F00F01C5
:204660000000C601F6240F1A80F06E02A61AC21AEF7A0500820A3B2003E05810EE0D54DFE6
:20468000C22F61FFDDDE6D004A08580840C48B7F01406D00440861FFE6DE02E440C46D006C
:2046A0003E08F6C3580C2E2561FFD7DE6D003708061A54D03B8001B042C074D03C183B00FE
:2046C0000340DF0B1100C2CB02BF325F0FFA00F0160F8B0F0340DA397F4F060058088B6F81
:2046E0001CF042F440C46D001A08C2FCFF1CE97F580840C48BFF00406D001108CE853BD092
:20470000024032583C033BB0024040C46D000708580B54D0C22F42F0580B820110AF34F16D
:20472000580BC2FF370F68F0780B10AFDA0A4BF801224BF801828B03031034F1DF08F2FFC7
:2047400074D040A440C56D00F9071D00DF003B50060049AF0C0ABE003B5004003E0D3B60F1
:2047600006005F0F75003B6004005F0F71003FEC0400FFDE6D0009A00C08AB1E20E0760855
:204780003B7006103E143B7004107E12C2FC61FF6ADE76063700684049AF0D0A3C033B006D
:2047A000034040C46D00BB0714FFEE0B580CAE2976CC3B50060058083E043B5004007E05B5
:2047C00061FF4BDE6D00AB0782083C1A09F00008F60A580CAE283B50061058083E143B5038
:2047E00004107E1D61FF3FDE760537006840B01F3C033B00034040C46D009107C2183FC8BD
:20480000E77F61FF30DE580840C48FDF0F416D008607C2FE54DFC21F0EE43BB002403C0475
:20482000325E3BD0024074DF40C46D00780761FF0CDE8B00034040C46D00710761FF05DE14
:204840008B01034040C46D006A073C5F02E84EE854DFC21F61FFF4DD6D0061073C1861FF1E
:2048600002DE14F47643B01F3C033B00034040C46D0055073B60060058083E063B6004005A
:204880003E03ABFC1FCCC2F8FF18EB7F3B60060058083E063B6004003E0314FF6E02F6C4A8
:2048A000580C6F2F330054DF3BE00240C21F325E3C0754DF3B000340C21FC2FEC2FC74DF1C
:2048C00040C46D002C0776CBFF1EF57F3C0861FFCADD04F440C46D002207C2FC76C314FF7B
:2048E000EEF73B60060058083E0E3B6004003E0B580C2E2B3C0854DFC21F61FFA1DD6D003E
:204900000E07C2FCDF0CF9FF580DA2DF3C0A54D03B00024040C4C21074D06D000007C2FFC5
:20492000FF1FF77F00902018DA0089A694097802911000F8D9FF44BD09FFC20809F8C008EE
:20494000404C37F81088405D09F9C40809D40008DF044802DA257E4409D001047E08B01D95
:2049600049A5080A40C46D00C2033CF1820A02AB02AC09DF01003BD002007E048F1A40A1EB
:204980003CF93BB002007E07BBF0FEFF26FA8F8A40A13CF03B0002007E066F3AECFF8F0A94
:2049A00041A13CE83B0003007E048F2A40A13CE23B3002007E048F4A40A13CDC3BA00200DB
:2049C000FE01D80544FBF805CEB48F1A40A1325B09DF01003C0D13AB20FF8B0F1DB009DFC8
:2049E00001008B0F1D0037006800BFA0F6FF3BE002005F0F21808F0A42A109DF01003BA0A0
:204A00000200FE03D80544FCF805CEC68F1A40F1BBF0FDAF26FA09DF01003C0D13AC20FF84
:204A20008B0F1DC009DF01008B0F1D0037006800BFA0F6FF3BC006007E048F0A48A13C1E0D
:204A40003B8006007E048F0A44A13C183BC004007E048F0A50A13C123BA006007E04B71AB4
:204A600081A43C0C3BA007007E04B71A01A53C063B400700FE01B71A81A53BC006003E04F1
:204A80003B8006007E0709D000087E04B71A01A6B01D09DF01003B3006005F0F46808F1AF1
:204AA00000D1F6DEDA203C0849A5080A40C402F46D001D03C2FB7FBC0400FF2BF77F6F7A07
:204AC00018008F081FF089A88E08ACA889A9920849A40C0AD80549A50E0A44FFF805370FC5
:204AE00050406D004241022F5EF71D007B01D80544FFF8052CAC09A40C0849A5080A40C45D
:204B00006D00F502DF0D247FDA203C0849A5080A40C402F46D00EB02C2FB7FBC197FFF2B56
:204B2000F77F1DFF15FF3B400600BE013B9006003E0E3BF006003E0B3B8007003E083B8035
:204B400005003E053B5007005F0F528082023B4006003E043B9006007E0282123B000801CB
:204B60000F0A80105F0104006F9A05003B8000003C0282403B8000105F100780D80509F4C4
:204B80004801F8053C25D80544F0F8050B0000080B0110483B0004010F0A80105F010A8016
:204BA0007624370448003C0C3704680002043C0F3B0004005F010B807626370450000B0040
:204BC00000483C06370470003CF2F62282056F5A0600BBD0FF0F260A3C02821C0BFA1068E2
:204BE00089A440090BBC10481D00BF003B300700FE046F5A0680BBF0FFCF9BFCFFC7D805CE
:204C00000BAB104840C502C649A6080AC4F4F8056D0037071DFF9CFE3B600600BE063B60A2
:204C20000400BE033B500600BE003B5004003E0D3B7006003E0A3B7004003E073B10060048
:204C40003E043B1004007E0BD8058F0A0211AB6C80C144F002F6F80574A03C263B20070058
:204C6000FE046F6A0600D80509F004023C03D80544F08F0A02F1F805EA6CDA004BF051F1F1
:204C800074AF3B6006603C103B200500FE07D8058F0A02F1EA6C09F44801F8056DFFD2D926
:204CA0003B60066074A20BBC104849A5080A02A740C46DFF66FA1DFF4BFE3B0007005F0F30
:204CC0005B806F8A45006F0A0E80DA113C093B00024049A5080A40C46D000902C2FB3FBFD0
:204CE000F8FFD805A03E49FF080A09FF3FF449A5080A370F684040C46D009405FCE73BA0B7
:204D0000034049A5080A40C46D00F101D805A03E49FF040A09FF3FF449A5080A370F6840B3
:204D200040C46D007F05FCE7DA113C093B00024049A5080A40C46D00DA01C2FB3FBFF8FFF0
:204D4000D80549FF080AF8051DFF02FED805DA088F2A407144F08201F8053B80076089A0DB
:204D600040090BFF104849A5080A40C46D0075051DFFEEFD3BE006005F0F2F803B00080114
:204D80000F0A80F03E036F9A0C00D8058201C4F2F80509A00809892040091DFFD9FD3B0048
:204DA0000401260ADA407EA8D805C4F2F8055802B42F1DFFCDFD5F0A0980D805C4F2F80549
:204DC0005802342F1DFFC4FDD805C4F2F8055802742F1DFFBDFD910000F7DA1959FF0CE116
:204DE00009A2080900902018820A89A68C09405D02AF89AD900974AF911000F8D9FF44BD2D
:204E0000821B09F8C00809F0C208404C3708108809F9C40809DC0100DF0C6701DA093EC717
:204E2000DA203EC5DA25BEC01D00530140A540C46D00710661FFFADA01F200F6081F16055B
:204E4000EEF61D00E50009DC01005FCF42018BAC02E276E309DC0100820D3C09370C68003C
:204E600013AD20F08B0F1DD009DC0100370C68F061FFDCDA10FF081F6F5FF2FF8200DA4CA7
:204E80005FCF2900DA68BEC3DA6ABECBDA6C3EC6DA74BECDDA7ABEC83C2109D000087E046E
:204EA0003B0008013C093B0008003C1609D000087E053B000401B01D3C0F3B0004003C0C91
:204EC0003B0020003C093B0040003C063B0080003C033B00100009DC0100DA415FCFD7002A
:204EE000DA455FCFD400DA465FCFD100DA475FCFCE00DA525FCFCD00DA585FCF3300DA5B66
:204F00005FCF9A00DA615FCFC200DA635FCF4300DA645FCF2900DA655FCFB900DA665FCFC7
:204F2000B600DA675FCFB300DA69BECDDA6E5FCFC400DA6FBEC8DA70BEC2DA725FCFA900D5
:204F4000DA735FCF8C00DA753ECEDA783ECC910000F7DA1959FF0CE11D00C7008F00480117
:204F60003B8007C076E3A0043C04D803C4F4F80302D640A60BC0104840C56D00B801DFF207
:204F80007E00DF02B200820BDF0E46FFC21A1DFF43FFAB1D80DDDF0E4480A00E89AE9409AF
:204FA0008F0008C189A884088F081FF0ACA389A9880876C6D803C4F289A294093C03D80376
:204FC000C4FEF80340A540C46D00A505DFF20400C21A820BC2FDDFF25200DF0C120089A2CC
:204FE0000A08821449A50A0AD80549A6040A40F4B02FF8056D002A14022F5EF33C3F24E26F
:2050000040A540C46D008705DF0DE6FF022440C46D00A00354AFC2FF74AF1DFFFDFEC2FDE6
:2050200040A540C46D007705DFF22900DF0DF9FF1DFFF2FE89AD9009DA5E09D10008B71004
:2050400081067E12B01D14DF6E02B01D09D100087615DA5DB01D5F1FFBFF76E3A0053C0415
:20506000D803C4F5F80340A709A490090B0D104840C66D00AD02022F5EF4ABFABF2B009040
:205080006E33DF0E1780C21A3C143B6006C076E3A0043C04D803C4F4F80302D640A60BC00A
:2050A000104840C56D002A00022FEE1EAB1A20AE820B1DFFB1FEDF0EAFFED80382070204D0
:2050C000C4F4F80354A66D002B051DFFA5FE40A540C46D002005370C68F05F2F9D7E0224E2
:2050E00040C46D00370302A2009037046840545FC21F745F1D0013030B451088911000E8E3
:20510000026AD9EE686D820B404C405F406DB01E20103C0454D0C21074D040F46D00F00217
:20512000022C01EC0026142F1605EEF58BFC3FF254D042F074D082FF2BAF00FA74AF8BDCBC
:20514000020289AD8409820AF802F603DA2B7EC6020A40A46D007009022CDA30BEC5DA490C
:205160003EC9DA4E3EC6DA693EC5DA6E5FCF2480821BDA00780340A449A50C0A0BAB1048B4
:205180006D006B093C1040A46D005609DA783E23DA587E2DDA00780340A449A50C0A02A4BF
:2051A0006D00AD08022C09AB0C093C7E40A402246D00B73D02C2820B821C3C0D8B021D10BF
:2051C00040A44B0141117B001204820C6B0B61B16D00320901E200F614FF6F5FF1FFDA2E4C
:2051E000FE28BBD0CCDC9BCDDCD302DE3C0A8B021DF04B0F41F1820C6BFE61BB4BDE41E096
:2052000040A46D00190901E200F614FF6F5FF1FF76A367BBBFBFDF0C4480DA653E24DA4549
:205220005F2F3F8040A46D000709820A8BD20202F603DA2B7E25020A40A46D00FD08821C32
:20524000820D3C0F820CBBB0CC0C9BC0CC007F0D060013AD20F28B0F1DD040A46D00EC084C
:2052600001E200F614FF6F5FEFFF8250911000F8D9FFD8AD91100028D922202EA054DA01DD
:205280000F0F10F03FFD0900A2FD76A354FF3C02542F4BFB41B0C2F0B0CFB0C2FC4140A4E4
:2052A00002246D003E3DDF0C2080BD0C1E00DA72FE806F690A0082004B0B8101B7001000A1
:2052C00089C0000A3C1182004B0B810174C03C0CDA527E8702B46DFFC5D689C240093C0496
:2052E000DA667E8274CB02C2009002682010024E911000E8ABF89F8889A50409DA00D9EEC2
:20530000686DD20A74AF404F405C406DB01E40C440D56D000004022901E90026142F1605F0
:20532000EEF754DFC2FF7802DA2D7E94DA0174AF3C03DA2B7E9740C440D56D00EC0302290A
:20534000C2F8DA693EE3DA78FEECDA30FE9A8B9E06F240C4ABFEA6EF40D56D00DC03022962
:20536000ABF81F88DA783E93DA587E9F40C440D56D00D1030229ABF81F883B8007E03C05BF
:205380008B9E06F2AB4EA6EFDA645FEF2B00DA6F5FEF4600DA755FEF2500DA785FEF650003
:2053A0003C6B0BAB10C8FBA000600BAB10486DFF3DD60B9000080B0240000B1350108B0037
:2053C0009DA08BF1BFB00BCA50F10BDB00F20BBDA0F2EE02D2FA40C440D56D009C03022951
:2053E000028FC2F86E4901E90026142F6F5FDBFF3C430BAB10480B90000877AB80318F3AE4
:2054000000200B2040000B3150108B009DA08BF1BFB061FF3AD86D007E030229028FC2F8DC
:205420006E2BDA303FF92900DA377F9FE47F3C2402946D005D3ADA397A2F3B90FC0FAB009F
:205440009DFF422F0BAB10480BF0000877AB00328F4A00200B2040A00B3150B061FF15D84D
:205460006D0059030229028FC2F86E0601E90026142F16A0EEDE029440C46D006B0154DFFE
:205480003B00FC01C2FF74DF58010F0F8020DA643EE454A0DF00690054AF6E1161FFB8D79C
:2054A00061FFFED7EE06820A820B9B0B00B83C0BD2000BA0C0A00BB1D0B03C0561FFA8D7CC
:2054C00061FFF5D7DA405F2F3000DA803E2D3B0020F05F2F6C003B0004F1BE293B0008F173
:2054E0005F2F65003C2EBBF0FF0F9BF0FF07820161FFBDD76E5161FF92D761FFBFD7EE041E
:2055000061FF8DD73C490BAB10083C46FBF0070061FFADD76E41FB00F80F61FFAFD76E3CDB
:205520000BAB10083C39FBF0FF0761FFA0D76E34FB00000861FFA2D76E2F0BAB10083C2C0F
:20554000BBF0FF0F9BF0FF07820161FF90D76E2461FF65D761FF92D7EE0461FF60D73C1CDF
:205560000BAB10083C19DA40BE213B0020F0BE2E3B0004F13E253B0008F1BE283C10FBF0F4
:205580000F0061FF8DD7EE123C07BBF0FF0F820161FF86D7EE0B0B0110A83C08BBF0FF0F42
:2055A0009BF0FF0F820161FF82D754D058023E0BBCF840F409A404090BAB10686D00B00260
:2055C000821200908BF91F2232520090820A20100B451088911000F802AB89A78809405D86
:2055E000406ED9FF44BD40A2404CA05404F02420FC4E3B0053072B0940996FD8110009C07D
:205600000008DA5E7E0402ACB01C3C02821C40E409A588096D007F02022D3C0B822C40E4D9
:2056200009A588096D007702022D61FF49D7EEF8DFFD598082F440E46D008C00D80254FF3B
:20564000C2FF74FF3C39C2F9DFFD4F00DF2C0E8061FF36D76E2202D440E46D007B00D80269
:2056600054FFC2FF74FF3C4040CF3C2A14FF7ED3821B3C0609F00104DA5D5F0F2280C6CB99
:2056800076BCDA0ABEDF02D440E46D006300D80254FFC2FF74FF3C16BD0D15006F780F0005
:2056A00089AD060849A5060A821440A640D46D00CD10DFF2088082F2009034DD3C0314FF0E
:2056C000EED6DF0B1280BCD66F780400B02D3C02B01D821A769740E409A588096D001B028F
:2056E000022DDF09B2FFBCD976A86F780500DA00B4DF3C03DA0034DF02A20090D44FBCF4A3
:2057000040F400000000CC414C4280F07FF0058004F2EC41009082F20090D44FBCF440F498
:2057200000000000CC414C4280F07FF0068034F4CC41B01FEC410090404F405C3C06370FF5
:20574000684040C46DFFEBFF09FF0100EEF90090D44FBCF440F400000000DFF40500CC41DB
:20576000B0FFEC4100903BF00F00804F1603063F0FF0100082FFC6F0C2F4604F804FB70F16
:2057800002F060F2B014542F260F742F77000004FCF60090804F16033BF00F008F3F0010A9
:2057A0000F10100082F1C610C2F4604F8041B7010220095101008F3F0030B0140F311010F4
:2057C0006022C21F542216032602A612742277000004FDF0ED7F0090404F0B4510A849FD20
:2057E000160A026840FCDA0034DF820702860BAB10486DFF07D523820A0A0B2310A88BA0C5
:2058000060F2CA708B0003F089DF3FF48B0220F28B0300F5EEEB04DF24FFEEFE40C2009064
:205820000248404F8FC83F40405CDA090B4F2001DA37AB0F83F042F46DFF59FC8FF8000102
:2058400040F4DA0940C50B0F2011DA37AB0F834142041DFF4CFC026E2020DA58404F0B45E7
:2058600010A8405C027909AC600982085FEF7300DA643EEDDA693EEBDA6F5FEF6C00DA75C9
:20588000BEE4DA785FEF67001D00ED00D2000B0C50F10B1D00F20BD190F2EE073BD0028031
:2058A0000BC0C0C00BD1D0D00BCD104840A43BA000606DFF93FFF6B6BA0C8B0D00F4DF0FE8
:2058C000DF8040A46D008B1B370268C0DF081180DA753EE88F890101DA087E043BB0028039
:2058E0003C078F8901F18B0F01F2AB08A28F768CABFA1FAA8F3900F16E0740F4028440C58D
:205900006DFFF5FB82086F0914808F2900F18B0F20F2864F8B0F02F03C0740F402F440C56D
:205920006DFFE5FBC2FA7FAB04003FACF87F768E40F4028440C56DFFDAFB3C08C2FB61FF6A
:205940007AD56DFFD4FBABFA1FAA3FBCF97F1D008A008BFE268240A48F3820F08B8F0060CF
:205960000BCD10486DFF3AFFDA78FEE314AF40A26E10092000088BF01BF0370F6810DA1994
:205980003F1F05808B0002F0342F092F0104EEF240A46D00241B370268F078068B0C20F2DF
:2059A0008B0D00F5EE0AF6B6DF086A806F296800821BBBB0FFFF26F96F291B006F19130072
:2059C000768E61FF38D56DFF92FBABFA1FAA40F402E440C56DFF8BFBABFA1FAABBB0FFFF07
:2059E00026F9DA6F7EE558063FBF0300921B6F29090076875806C22BC22F370F68F07806DA
:205A00006F0915808F2900F18B0F20F2864F8B0F02C03C0740F402C440C56DFF68FBC2FA26
:205A20007FAB050058063FAFF77F6F291900DF08170061FF00D56DFF5AFBABFA1FAA40F42E
:205A400002E440C56DFF53FBABFA1FAA3C08C2FB61FFF1D46DFF4BFBABFA1FAA58063FBF91
:205A6000F87FBBF0F74F40A4BBF0FF6F40F5269440C602A59BF6FF671D0003000090024834
:205A80002008025F911000F80269405D406ED9FF44BD49A2020A404CA05404F02420FC4E5C
:205AA0006F082D80028440C402F56DFFBCF2022A3C083B00024040D440E56DFF18FBC2FFC1
:205AC0003FFAF97F3FF9F77F3C19C2F96F780C0040A494C449A5020A6D004739DFF21A0056
:205AE000B02C3C0304C034A009A40008DF04110040D440E56DFFFBFA8AFFDF09E8FF3C0814
:205B00003B00024040D4C2FF40E56DFFF0FAEEF90090545FC21F745F1DFFF2FD3B0008F19B
:205B20000FF480003E036F9405008946400900903B0004F10FF480007E03344600906F64E0
:205B40000400B4460090744600908F141E200090BB00F00F8FF40FF18F8F01F00F0480100D
:205B60008F810010A61F8F841F102610A60F8F841E20A6F200908FF40FF18F8F2020BB00FE
:205B8000F0FF26F48684A64200903BA000A0910000C78200D9CC20E102A7404D02A9405E00
:205BA00002AB40CF02A3A09202010202020809FF54085F390580EE0302893C1F6E1EBCDAC7
:205BC00054D548165F650780BD0E5A00C8247D4E570009F5D2085E1D54FF6E063F050E80D4
:205BE000028B02503C0A3F150980028A02513C053F25048002870252C21849FF180AFD205D
:205C0000D87F6F141680DA0A7E936F0412007FF9040002983C287FF7040002783C0B7FFA6C
:205C2000040002A83C077FFB040002B83C0382F20090538821F010CFD4F4BC456D007C1863
:205C4000A002F4F2DA0089FF1408ACF9A002E8226CF191100028D92244BD0921C408542061
:205C6000A8816830BCD6538821F010CF54DF6CF1538821F010CFDA00ACF9E82E0282009002
:205C8000202089A49809405C7CC791100048D9446CAD1D00E748D806C81D3B00108009D045
:205CA000C0085F807E800CD4DF6F7B800CD5DF4F788009D0C208DA085F0F738049A40C0A26
:205CC00049D50E0A82446D00EB0F49A4100A49D5180A82446D00E40F4CC1EE03820A3C0529
:205CE00009A010090BF000A1BA0A09A40C09921949DF080AF805DF043B0040C46D00380611
:205D0000DF02368058033B000E0016F05F0F300049A40C0A029440C56DFF39FFBF02280079
:205D2000538221F091000027D92220E1102FDA0209A59409826489FF1408E82C49F40C0A72
:205D40006D00AE0FDA00ACF9D4FEBD0E1100A002F4F249C6260A3B00804040C440E509A751
:205D600094096D00AA0240E46D00E61709DFC608FE85DF0A140049CF040AF4AF49DF080AA6
:205D8000F80149AF0C0AF80249C5260A49D6080A4057822440C46D00890109A498091D00F0
:205DA000CB172018404E89A59409406F54F46D00DF05762791100078D9777CAD1D00E600F6
:205DC00054F03B000E108F000FF1FE14DA012CACDA002CADDA5E2CAE49A70C0A081F167F4B
:205DE0002CAF082F89AF1008083F89AF11081D00CD0009E108094CE10F108020261F3E2D28
:205E0000B70010F8BB90EA0F3E084CE36E0449EF0C0A3C0382C2009091000027D922502113
:205E2000142F910000D7538F21F0D9DD20E110DC09CF5408BF2F4E8009C488097DE44A80A8
:205E400054F04CC15F0F468049CD140A14DFDF2F3E8009CFD2083BD011003F0F1C8049C207
:205E6000040A49EF040AF4AF911000F8D9FF44BDF80189A2880949E5260A91100068D9665E
:205E80007CAD4057821440E46D001001DF021F803C1B3BE010003F0F1A8049C2040A49C6F8
:205EA0000C0A49EF040AF4AF911000F8D9FF44BDF80189A2880949E5260A4057821440E40D
:205EC0006D00F400F623DA0334DF49C70C0A3C5D8200A09409D15408BF214D8009D5880991
:205EE0007DE5498054F24CD15F2F45803420DF213F8009DFD2083BD011003F0F1C8049D2CB
:205F0000040A49EF040AF4AF911000F8D9FF44BDF80189A2880949E5260A91100068D966BD
:205F20007CAD4057821440E46D00C000DF0220803C1B3BE010003F0F1B8049D2040A49D686
:205F40000C0A49EF040AF4AF911000F8D9FF44BDF80189A2880949E5260A4057821440E46C
:205F60006D00A400F624DA0389DF140849D70C0A3C0CC21049DD180AFD40AE7F09A6940947
:205F800040E440F51D000B0009A594093B00804049E6260A40E41D009001201882FA404CC9
:205FA0008208405D54D489A68C0949CF260AF8056D00DE04F62854D03B000E108F000FF110
:205FC0003E12F6043B00FF2F0090821440D440C56DFFDDFD0229CE9382F20090538921F00C
:205FE00091000027D92220E1102FF80449FE140A14EFEE04821834E8E82CF684D803BD0F6D
:206000001B8049CF040AF4AF911000F8D9FF44BDF80189AD880949C5260A91100068D96664
:206020007CAD4057821440C46D004000D803022ABD0F3A0014EFBF2F1480910000F7E9F95D
:206040005021D8043B00804040C409A58C0949F70C0A09A694096D003001022A3C246E2354
:20606000820008CF2E6382103C04D4FFBD0FFBFF760B3BE0004009A48C093B0028506D008D
:20608000B115402C3C0609AC8C0940C46D003D17BCC9D804D4F4BC436D004E16F4FC820A08
:2060A0003C0282FA02A200902008024F89A484093BE00040F4A53BC00150406C3B00286010
:2060C000407D6D002A14402E7CE382F20090CCE102F46DFF52FDA83249F4080A826440D505
:2060E0006D00DE0D49F4120A826409A58C096D00D70D49F40E0A824409A588096D00D00DD1
:2061000049F4180A824409A590096D00C90D3B0010F0B4FFDA08ACF1DA062CF4DA042CF564
:206120003B60804040E540C709A48409D4A66D00C40040E46D000016820200902010494F70
:20614000040AF4AF911000F8D9FF44BDF801821489A588094945260A91100068D9667CAD9F
:2061600040571DFFA3FF20108208910000F73BC01290D9FF20E1820AA09C824BA00D822C22
:20618000A00E09FF54086E4309F0D2089A10ACF909F0D2087F90078009FF5408DE17BF5049
:2061A0001680D4F4BC446D00C715F4FD89F81408A89AE82E681A91100028D92244BD0921E1
:2061C000C4085420A88168303C225E3489FB14083C1E5E4489FC14083C1ADE19C8249110B7
:2061E0000028D92244BD4945040AF4A5821489A2840949F2040A89A288094945260A911094
:206200000068D9667CAD40576DFF50FF49FF180AFDC0B97F0090404F09FFCA08405CBFFFAA
:20622000478008FFEE0509CF7008C21F2CFFC814144F0948CC086F0F17005E1A0C41EE1382
:2062400009404208DA5E7E0F08DF96103C0B91100058D9557CAD82646D00150DF62408DF4C
:2062600096082CFDDA083E853B8060F0BE823C1F09CF6D086F3F1C003BE0004040F46D00F9
:206280006116DF02158040F440C56D00F8013C1209CF6D082E3C3BE0004040F46D00521609
:2062A000F62640F440C56DFFEDFC3C0440F46D004315820200902008404D405EF4A6407C3E
:2062C0006DFF5BFC022F40E43BE000406D00F612DF021380CCE1826440C5ACF640F46D0087
:2062E000DF0C49F4060A8264D4A56D00D90CCCD640D440E5DC0F82E20090821C911000E8D4
:20630000820ED9EE686D024B200802CD74AE02E8404C02EA405D3B700190B01E40C46D0071
:206320008B0001E200F614F08F000AF16E3F8201021C6F5007008B021D00370068203C05AD
:206340008B921AF08FFF0021DF021800DF0D1600021D8B42A00286109A10325F0FF21010EC
:20636000A60182100F10100037006800C60276888B310001A20E3C04F62276828241761F3B
:20638000769E7F1907005A91325F0FF21020029154AFA2190F1F00F0A6F274A27685DF0D99
:2063A000BF7FA21E3CBC421E3CBADA2E7E24F68382183CB554A80F980080DF0C2480DA70E7
:2063C0003E23DA50FE2F820940C46D0035008BD20202F603DA2B7E25020940C46D002C002A
:2063E000821C3C0913AA20F240C4820C8B0F1DA06D00220001E200F614FF6F5FF5FF7692BD
:20640000325A42EAABFA27AD0EA4DAFF7FAF05007B00F8F73C098FFB01F08F7A0100A6F0C3
:20642000B70889FBA60F74DF40C402246D00793402C20090404F54FF82F26E0DC8246DFF50
:206440005FF9DFF2090054FFC2FF74FFC81F54FFC21F74FF00900259404C0248405D76968B
:20646000910000E8D9EE24003C05910000E8D9EE342040C46DFFE0FF022A04EBDF0B13007C
:20648000911000F8D9FF686D01FA00F6081F2E3402A46D0022325F2BEE7FF6948B9B06F236
:2064A000AA0B40C402A46D003C3476B38212009076947B00FCF73C0776847B00F8FF3C03ED
:2064C0007B00F8F774DF82020090024582341D008F00910000C7D9CC542109CD8809200841
:2064E00089A584093B400100404E14DF160F8F2F20803F087A8009E0CA08BF40768009E285
:2065000084091420DA085F0F708049CF120AF4AF09C41209DAE08F040F015F0F6600D4C4F2
:206520006D002602DF02618009EFC808BF8F5D808BE800F040E402F46D00C011DF02300045
:2065400009E0C8081A80370F70503F054E803BE000403B0028606D00E011402FBD0F4500D4
:2065600009FFCA088B8800003F0F1180C81440D502846D00950B40F402846D00E314F62691
:2065800040F440E56D003E13762540F46D00D4133C2B40E46D00D01340FE3C0740E402F44B
:2065A0006D00D014DF02218009ED840940E402846D008411DF021980CCE109CF1209820538
:2065C00040E46CF33BF00F40A00609CF0E09D4A56CF434D589D582082884A855821609A76E
:2065E00084096D00360140E41D00A613024820080259404C3B2002403B4002503B002860EA
:206600006D008B11402DBD0D2800CCD109CE8409DA0034F82819ACF2ACF33BC0014009D276
:20662000840909C584094924080A6D00390B4CE374AF40A46D006E01BC2C8205A8153BF0D9
:206640000F4040A6821640D4A00540276D00010140D41D007113009002453BB000401DFF0B
:20666000C7FF6D00080A6D007B0B6DFFBCE86DFFBAE86DFFB8E81D00BC302020404C09C218
:206680008409F4A2405D142F8FCF3F00DF408080160F0924C2088F2F20906DFF6EFA0228B3
:2066A00009C0C8087F08068040C402846D00F81309C0CA083F906C8009CFC8083F8F68807E
:2066C000DA143FF9658091000027D922542189A28409492E120AD4AF49240E0A3B000E00EB
:2066E000484F74EF89A49409483F892F0E0954E409D16D088F040F218F1100F15F020880BC
:206700006E034CD1EE10A00FF8063C346E0A4CD16E083E4540D46D002B017623DA013C02E3
:20672000DA006E0489AD98093C2554EF3BF00700A00F16FFF806BE0E911000F799FF3CAEB8
:20674000F806BD0F18007DDF120009FF6D082E0C481F6E0A54E43E4609A498096D000801D3
:206760007623DA013C02DA00EE05D4FFF806BD0FECFFD80540D454F46D00FA00F62854FF01
:206780003B000E0016F03E03D8067CF540C46D00D3123C5CD4AF09FFC608BBF0F30F260FF1
:2067A0006E0940C46D000902402CBD0C5000CCC1F4AFD80109A29809029440C4F4F289FD06
:2067C0008405F802D801D4A2E822D4AF14FFD801160F862FACF66D00B513D4AF089F1E1F56
:2067E0001E693B100100FE0040C440D56D00EB303C2140C440D56D00891C3C1C40C440D52E
:206800006DFF69FE3C1754E409A498096D00B000F62E54EF3B000E0016F03E0940C4029418
:206820006D00D212822440C46DFF51FE40C46D008312D801A002DA00F4F2D802F4F2D801C8
:20684000E822ACF689FF0E0974EF82020090BC66BC53545FEE034975040A1D000200201086
:20686000024F406D0258404E026989A5840989A78809BD0D31003B4001406D001F10DF0217
:206880003080CCE13B5004002CF8289954DF6CF434F0281809E4C8086DFF6FF9A812DA000B
:2068A000ACF3910000C7B9C46C216DFF66F9A82209A28409B9CF6C21C21FF9CF6C217C261D
:2068C00091100028192F4CBD3C02542F6CF3DA00ACF53C0C09E0CA08DA147FF0048082E2BB
:2068E0000090CCE140AD484F74AFD80209FFE4086E0A09E0C8087F0F078040E440F540D631
:206900001D00940009A48809CC4540E540D6DC0F911000F799F23CAEBD02170009206D08D0
:206920006F0010006F200E004C216E0B092108095442261F2621BE1A6F1004804C23BE26CA
:20694000D422BD02EDFF911000F799F238AEBC2D092F6D082E0A2E294C216E0754403BF0C7
:2069600007108FF00FF17E12A002009082F00F04C0F06E12DF041100094F6D082E1F4C416F
:206980003E4D094108090F148020261F7E27C61026045F04048082120090820200903B000A
:2069A000014091000057D95570211D00020020088205544F74AF0250405F3BA0001040A29D
:2069C0003BE00220A0341426DA0049A6040A4B16A0844B16A064C21F6B10E0886B10E06626
:2069E000370F68F08B0903302463DF06F2FF34206E0DC2FF370F68F00253C2157F430B00AE
:206A000010A60963040824F3EEF5025FC2153F4F0400A002009024F2B012FD40D67FDA000E
:206A200089FF3FF440520090201889A58809404CCCC1F80389A690090950E40814F18BC011
:206A40001E008B0080F2CA708FF100F13B400180028186D08F2F2020370070F078058209FE
:206A60005F120C8009C0CA087F800A8091100048D94450BD6D00F64182A2009009F4C608BF
:206A80006DFF7BF809CFC8083B0000A28BCF1EF0370F70D0262AB70293B6DF0D8A0058057F
:206AA000863F370F70C00BCD90E13BE000403B4001503B0028606D00300F402DBD0D7B000A
:206AC00009D484093B40014009A58C096D00E80802EFCCD1F801DF0E3C0009C0CA08A28083
:206AE000370070000B0F9091DF09300082546D005909402EBD0E140009C28409820440E4A8
:206B00003B10046001280056029502976D00F10FF4A27C29825440E46D00F40840D46D008B
:206B20000B113C4840C46D00F01189EC9409910000F8D9FF3027ECE440D4D4A56D00F60FAA
:206B4000A29F370F70F06E038208D4CCEEC7D80242983708708009FFE408B70B93468BCF32
:206B60001EF03FDF030076A3B71481466DFF05F8D8018B4E01F0370F7040A8326DFFFDF7FF
:206B8000A812DA00ACF540D509A48809CC4509A690092D0F000040D46D00CE10A2ED58058D
:206BA000370D70D042FB370B70B0DF0D7EFF8202009082F20090404D09DE84093B400100B4
:206BC000200814EF160F862F5F0F0F8109E4C6086DFFD3F7B70293F609E4C2088F3F00807A
:206BE0006DFFCBF714EF160F8F2F20003F02FD80A20240D4370270906D00EB0F910000F7C3
:206C0000D9FF4031F801022A09F0C008DA0A42A07F0F0D0040E402A46D007501DF02E50071
:206C200009F0C00842A03F0FE000910000F7D9FF4431F4AFD4FCBD0C160009C014094CE347
:206C40007E0C09C018094CE47E0809C0CC0809EFC4087E03DA013C02DA00EE04D4CCBD0CDA
:206C6000EEFFBD0C2C8082446D009C08402C7CCE40E402A46D0047013FA2060082446D008C
:206C80009108402C7CC3A00C3C15820440C43B0002506D00BE08DA0F89CF1F083B40014045
:206CA00040E5D4AF49C4080AD4F2F4C2F4FC6D00F707BD0C19801D00980009E4C6086DFFF8
:206CC0005CF7B70293F6EE0F09C4CE086DFF55F7B70293F66E0849C4080A3B40014040E50F
:206CE0006D00DE0709EFC60816208B0F00B2EE0A1A98370F70003F806980BBB0FE1F3F012A
:206D0000658040C440D502B46D007400DFF25E00D80109FFC00842FAB4FA76B9429889C8C2
:206D20009C0809CF5E08960189CF1E08DF026000CCC109CFDC083B40014049C5080AC81F0F
:206D40008B4F01F0370F70F0D4FE40F46D00A80702F46DFF12F7A812DA00ACF3ACF5CCC1D4
:206D6000BCEF09ED84093B40014040E46D00EA1040F440E56D00DA0ED4DEBD0EF4FFD4A20A
:206D8000D4227D2C0480A0043C094024BC27D4457DC505004054BD05FCFFD4C57DC2058092
:206DA000D4A2F4253C02F445824440C46D00AA0740F46D000E0F09A28409092FC00840F2BD
:206DC000D801A22FB4FF00904CC1EE0ED4A2D42FD4C47DCF0480F4243C03A504000882440E
:206DE00040C46D008F0740D46D00A60FA0020090405FC81C0249404D821AA00E09C4C208E8
:206E00006DFFBBF614CF160F8F2F20003F024680A20209C4C608370270806DFFAEF6B70237
:206E20009306C815A0020630F4521A8089508408AC53095FC6083F0F318009D284093C36B1
:206E400009248409095FC4080940C4087F0F2180F452BD0E1600095FC40809E0C6083F0FA0
:206E60001D80095FC6080940C4083FF01780F4EF09EFC6080950C408BE0B820A3C19095F84
:206E8000C6080940C4083FF00980ECD13C113E050941C6087F1F048082F20090BCE509EF33
:206EA000C6083A0FEA0AD442404EBD02CBFF7C2BBCE9F4EF09E0C608095FC4083E04820AB2
:206EC0003C02ECD1F69509DF5E086F0F1A00DF0A1500CCD1BCFCC812092FC408EE083C09DA
:206EE000C8150920C608095FC4083E03820A3C05D45F4052BD0FF6FF8B0A2022009082020B
:206F000000900248910000F78209D9FF44312008F801404CD801820AA00D40D2D4FFF4ADF2
:206F2000BD0F2300485F09C00C097E0A486F09C010097E0609FFCC0809C0C4083E03DA01AB
:206F40003C02DA006E0BC21ABCD709FF5F0809D05F083FF0048040FDF4A2D4F4BC4240F204
:206F6000404FBD04E1FFBD0D440009DE8409820B09E28409092FC408EE16D42FECD13B4017
:206F8000014049D5080A09E484096D008906821440E46DFF63FB40E46D001B0E022B40E47B
:206FA0006D00CA0ECCD1BCFFC81240FE40E4D42F6D000F0E422B40E4370B70B06D00BC0E41
:206FC000BD0FF4FFD801D4FFD4D27DDF0480D8013C02D4AFF4F2824440D46D0093069100CF
:206FE00000F7B9FF403142B9A2BFF9FF40317F890400FF2A917F029200902008910000F793
:20700000D9FF4431F4AFD4FCA00FF801BD0C510009CF5F086E08C2FF89CF1F0889AC840937
:20702000D4CC3C4440CD09DE84098208D4CC09E28409092FC408EE16D42FECD13B40014089
:2070400049D5080A09E484096D002A06821440E46DFF04FB40E46D00BC0D022840E46D00AF
:207060006B0ECCD1BCFFC81240FE40E4D42F6D00B00D422840E4370870806D005D0EBD0F75
:20708000F4FFD4A2D42FD4D47DDF0480F4243C03D801F4F4824440D46D003406910000F7DB
:2070A000B9FF4031A28FF9FF4031BD0CB3FF0090404FC854BC436D003F0E825440F41D0077
:2070C0002106911000F8D9FF4CBD54FF6E06C4F22D02000054FFEEFC0090910000F782107C
:2070E000D9FF1000820149F0C008F6056DFFEBFFDA0274FF54FFDF2FFFFF00902008404FDE
:207100004056A00789A7840949A2040AF4A291100048D9444CBD3B90384140F56D000800E9
:20712000F62409A284090090A00200902008404D0248F4A5406E407C7CD43B00FF2F0090F0
:207140003BC004406D00C804402FBD0F2900820440F43BC004506D005C06DA012CF42CF55F
:20716000E82C3BE00240D4A2E862E87E6D001614402CBD0C150040C440D502846D00DA10A1
:20718000F62F821440C46D006613E83240247C4940C46D00441140F46D00AE0382F20090EB
:2071A00040F56D00C310C83491000058D9550C776D00B30F9100002799244831F4F4B52FDB
:2071C000483109A288098202F42F0090404C405DF64ABCD9BCC809CF45186E074CD109C0B1
:2071E00006193E0382A200903BC004406D007404402F7CF382F20090820440F43BC004506C
:207200006D000706DA012CF42CF5E82CE84D6D00F53D685240D409C29809E86240F509C26C
:207220009C09E8726D00821091000058D955726740D46D00981491000058D9554C678224C3
:2072400040D46D003C14C84491000058D95546676D009B1209CF45186E1C09C28809E8224E
:2072600009CF62086E0F910000279922483109C48809BC267D420600D422BD02FDFFA00409
:207280007C48A00289C29809822440C46D00160191000027992448318202F4F4B52F4831B7
:2072A0000090404F764682546D00080182020090DA0089FF20086D00A13D685240F41D00B3
:2072C00002003BA02D802020FB80010089A05409FB0003A0404F09F4001982096F74100021
:2072E0006D008C3D485F09F400195AF26DFF32F4325253A220003F0F73803C0E6DFF2AF40F
:20730000022009F2640982010B2030F10B3100F20B31A0F2EE6491000027D9224831D424A2
:20732000A0054046BD0412007DF60B80D4F77C5340743C02F457D466BD06FFFF3C05406599
:20734000D466BD06F3FFF424486F6E236D00563D485F09F864095AF2EE0382023C097789C3
:2073600080518F380040820702F66DFF4BC7C845C86289A8400989A20809C8748214095519
:20738000D6084956040A0956D80802F72D020000C844BD041E00A0056D00C80FC844A00576
:2073A00082046D008C13C844A0056D007114C844A0056D00D813C844A0056D00E611C8446E
:2073C0006D002D107628C8446D00A40E3C04C8346D00251040F46D008F023C6809F0640920
:2073E00089A04C09580509A218090BF050F10B2100F20B12A0F2EE0D580309A0140910F2BF
:207400000BF0C0F0492C2C0A370F70C0DA013C31580309A010090BAF50F10BB000F20B0B7D
:20742000A0F2EE0B580310F20BFAC0F0492C140A370F70C0DA033C1CFBA0006009A44C0974
:207440006DFF60C791100028D9226CBD0122002658033B405BC08B0F2302802F60FC58044C
:207460008B0F00053BC059F02BFC40C0DA00821902C4C84402F540C56D008726DFF2038051
:2074800086FCDFF204807F8CF5FFF62A09F064090BC040008B01A01089F064093C0282099A
:2074A000DF091BFFC8446D00B82282020090DA00894F20081DFF07FF201091000027D92284
:2074C0004831D4250248404FA0044056BD0512007DF60B80D4F77C4340753C02F447D46663
:2074E000BD06FFFF3C054064D466BD06F3FFF425BD0F2600486F6E236D00803C485F09FAD1
:2075000064095AF2EE0382023C0977AB80518F3A0040820702F66DFF75C689AA400989A22D
:207520000809C845C8620284C87402F70955D6084956040A0956D8082D020000C844BD0424
:207540001E00A0056D00F20EC844A00582046D00B612C844A0056D009B13C844A0056D00A5
:207560000213C844A0056D001011C8446D00570F7628C8446D00CE0D3C04C8346D004F0FDF
:2075800040F41D00B90182541DFF98FF094F6008C21F370F6800894F2008BFA0068082247D
:2075A0006DFF8CFF3C050C45EE036DFF8CFE820200902010404F405C406D764682546DFF41
:2075C0007DFF1D00C900BD0D288048BF6F7F2000EF8F1E80A00289A2880948D46DFFBAF214
:2075E000C84437027040C822F4A249A2080A89A28409B04449F52C0AC866C8776D00AE0071
:20760000F62509A28809DA006C2B820440F46DFF55FF1D00A10009D8C808DA0089FF20082F
:2076200009FF44186E14BBF0FF0F09F264099B1000008B829E208BF3BF3026208B0020224D
:207640008F0300118B010025DF026F8009D0C8083B8001403F404580EE3849F52C0A8205FC
:2076600040D46D002B0BDA183E26822440F46DFF25FF3C6EDA0189FF041848BF6F7F36003F
:20768000EF8F3400A00289A2880948D46DFF62F2C84437027040C822F4A249A2080A89A261
:2076A0008409B04449F52C0AC866C8776D005600F62509A28809DA006C2BDF02170082441F
:2076C00040F46DFFFBFE3C4448BF2E7F820449F52C0A3B80015040D46D009B0B762682345E
:2076E00040F46DFFEBFE3C34FB80010009F264098B8281208B03A03089F264090B2030F16D
:207700000B1300F20B31A0F2EE076D00773B685209D4C8083C1ADA0489FF21083B8001402F
:2077200040D46D000F0C820040D2092FCA08D42242F0BD02FCFF09F2640902840B024000F2
:207740008B03A01089F0640940C46D00331240D46D00F20A820200902010D805024889A43A
:2077600088093BC00440A002F4F289A58409406C407D6D00B101402FBCF982046D000E1138
:20778000402E7CE640F46D00B70082F20090820440F43BC004506D003C03DA012CF409A262
:2077A0009009E822E84E6D00293B6852E86CE87DDA0489FF2108D20089F0640949F42C0AF2
:2077C0003B80014009A584096D006A02DA0189FF041840E440F56D00A90D91000058D95587
:2077E0006E2740E46D00541291000058D9554C67822440E46D00631191000058D9554667C4
:2078000040E46D00C20F09A28809028491000068D96622A7542F74AF40A540E46D00CC0E4D
:20782000022F6E07822440F46DFF48FE02F200909100002799244831F4F4B52F483109A2B4
:2078400094098202F42F00900248405D820B404CBCD67CCC14DFEE0ADF18098061FFD3C517
:2078600002B2B4F2A812A82200907C6461FFCBC53C02406F02B909FAC2083C1209FFC40833
:20788000EE08820B09DF0008B4FF8219A8193C0A40F46D002400F62309FBC208C21A3F8ACF
:2078A000EFFF769B94FFEE0382023C0409F2C208A2B2BCCFB4CF3C0D5F8A048082E20090B0
:2078C000910000F7DA1D59FF0CE182F261FF9BC5DA00B4FFACF1ACF20090BC49944FEE0979
:2078E000094FC208EE06094FC408EE03821200908202009020084046BD068700806F160325
:207900006E15DA0074AF4DC0E2FF370FE1F78B0F20F20D004003000074AF6D007B3A6D002D
:20792000733A54AF14AF6E703C6D910000F799F55031496734FA015720F4EE0A910000F7EC
:2079400099FC5431496F0C0A01FC30F4EE15DA0074AF4DC0E2FF370FE1F78B0F20F20D0059
:207960004003000074AF6D00553A6D004D3A54AF14AF6E4A3C47096F7CF8EE1474AF4DC092
:20798000E2FF370FE1F78B0F20F20D004003000074AF6D003F3A6D00373A54AF14AF6E349D
:2079A0003C313B000033096038F99B130030547101500026015100F60157204080423F1324
:2079C0000C803F030A805F200400542F7E257DCF0600481F3E23DA003C02DA01EE1674AF72
:2079E0004DC0E2FF370FE1F78B0F20F20D004003000074AF6D000E3A6D00063A54AF14AF34
:207A00006E030D0000030090820089603CF8807091000047D9444C31547F5441105F0B1062
:207A20009001600D7DF71200088FEE0F7DCF0E007DFD0380407D54F0747054FF3E36105FBC
:207A400001572020802F6CF1096F38F9105F7D7F1000088FEE0D7D7D038040FD547F74FFCC
:207A6000547F3E361052015F20F080FF6C21F44D0090911000F7D9FF60AE80FFC23F910081
:207A800000F7B70F02F059FF50313B0000039110003099FF50319B10000091000027DA00F9
:207AA0009100004774F030F36CF1D9350003911000302CF830F38211B5255431D9330803D8
:207AC000343191100030745030F359300403B54F4C310090DF0457009A34B70F02F03B00ED
:207AE00000139B1100108BCF60033F014C803F404A8091000067D9664C31910000F799F2DE
:207B00005031D46F0B0180209100004799445431012F20F080F37F2336808204012300F610
:207B2000088FEE2D54F55A358B4F1F603F06288082128B8001F03FF6148042308BC000005F
:207B4000012000568954080874558953040974F02882545F3E161025895004093C022882F7
:207B6000D4657D5F0A803C03545F10250C586E037D45FCFFF46549F20C0A009054F33F23CA
:207B8000CFFFA00200909A34404CB70F020020083B0000339B1300308BC060033F033480AB
:207BA0003F403280910000F799F55031015C20F4EE0880C1910000F719F254313F21188045
:207BC000DA0074AF4DC0E2FF370FE1F78B0F20F20D004003000074AF6D001C396D00143901
:207BE00054AF14AF6E4D0D0000033C4A49C634FA015620F080F554610B5180208B421F2098
:207C00007F020480A00200905F203B00015100F6088FEE1B91000027D9224C31D4244250D1
:207C20008BC000F054F07DF40480105FF42F105F8201288174F06815746F54F05F302100EB
:207C4000015000F66CF13C1C8B8001403F4219804250910000278BC0000019224C31015024
:207C600000F6DA0080F40B24902159224C312CF874F16815746054FF3E33105F681040C261
:207C800000903C09144F1450C2F43E0352020090B014B015DF04F8FF82020090DF043000E3
:207CA000404FBF842780804F8F3F000180518F3100115F101F802E06C2F4045F344F494F95
:207CC000010A80FF2E16045F24FFC2E4045F24FF8F7400018FD41FF06E0B02F14052C2F1FD
:207CE00060160922480189F24801FC6CD05502047646C2F46042045F24FFFC2E404200906D
:207D00002008404CBF94088091100048D944CC5D1D00A838BD0C2300911000F8D9FFE85D06
:207D200001F402F6D4FFDA0074AF4DC0E2FF370FE1F78B0F20F20D004003000074AF6D00EE
:207D40006938C832D422F4C2C83FF4FC6D005C3854AF14AF6E030D00000300909110002844
:207D6000D922E85DA004A085C42F8200C836F464482F09F1C608C23FB70F02F060F6761E4D
:207D8000C837C210D477F467C837F47609FFC40809F1C60810663F10F57FFD50E77F0090EB
:207DA0002008BF940A8091100048D944EC4D6D005938A0020090911000F8D9FFE85D01F4A4
:207DC00002F6D4FFDA0074AF4DC0E2FF370FE1F78B0F20F20D004003000074AF6D001A38F1
:207DE000C83FD4FCBCCBD4C2F4F26D000D3854AF14AF6E0C0D0000033C096D00053854AFB5
:207E000014AF6E030D000003A00C40C20090404FBF852380804F2E05C2F53444494F010A96
:207E200080FF2E1424F4C2E524F48F7500F106D5DF051200D200764A370468008F80201070
:207E4000A6108F002110A6100201C2F5605289F04801FC2E02F57655C2F5605224F4FC2F30
:207E600040420090024F370FE81B8F1F1E00DAFF7E17024F7444B70F89FB6E123C0B8FF083
:207E80000150DA7F7FF10900DA00B70F81FFA65F744F02420090DA963FF10A007444DA00C7
:207EA000B70F81FF8FF00120A6F20090B704890B8F71012082F38B6109110F130030263021
:207EC000B700890BA652A60274426B0231F4B70F812FA6520090911000F8D9FFC0DDEC482F
:207EE000911000F7D9FF408EEC47DA65894F2E08DA6E894F2F08910000F8D9FFE265EC4594
:207F0000911000F8D9FF1EE8EC466D00380082020090404F6D00A901402DBD0D2E0009D219
:207F200084090924CC086DFF28EE3B0080F03E243B6080F0FE2EC5FC100154C8C84240D4E1
:207F400040F52D020000762440D46D00F50654C0910000F719FF3400A280420F59FF3400C0
:207F6000910000F719FF3000C21F59FF30003C0440D46D00E10682020090DA06404C09CDCA
:207F80009C0989CF2C0891100027D9226C7E042F49CF260A24FF3BC05D00912000EF042F3A
:207FA00024FFDA0AD9EE000D042124F149AA18BA042124F140A4042124F140E5042124F130
:207FC00089C0A40889CF2D086DFFBECDDA01911000F82CA4D9FFC8DD8220F803820189A01E
:207FE000150889A1160809C0660889A0170809C0670889A0180809C0680889A0190809C0D0
:20800000690889A01A0809C06A0889A01B0809C06B0889A01C0878083BF0010089AF260981
:2080200089A02E0889AF2D0889A03E0889A1021889AF3D08916000F97819D9FF001B80F066
:20804000B7001C20781A89AF2C187B00004989A12D1889AF2E1889A131185F420580B7100E
:20806000810E600F91400029D92200108020B7001CF0F81D7E44B710810E6002916000F921
:20808000D9FF009B80F0B7001C1089A2B8193B00602089A2BC18DA2089AF3218821389A327
:2080A0003E18820389A331285F410580B710810E600F91400029D92200138020B7001CF00B
:2080C000F82D7E44B71081FE60F289A2B829DA2089A2BC28023089AF3228DA6489A0303879
:2080E00089AFB23889A03438DA6589A008483B80D14089AF8A489BF4D84489A00C486DFFA7
:20810000C9D840E46DFF5BC8911000F8D9FF043D08CFC8148F0F485108846DFF19D39120DA
:2081200000FF39FF080F911000283920203D370F02F0E9FF080FD9FF008D14FF6F0FFFFF47
:20814000DA0D9120002FD922008DBB0000089120004FD944048D742F14F16F01FFFF5441B4
:208160006FF1FBFF74408250742014F06F00FFFF742F14F06F00FFFF54406FF0FBFF40A534
:2081800040D46DFF67CC912000FF39FFF04D9680E9FFF04D39FFF14DB71F04F0E9FFF14D66
:2081A00019FFF04DB74F04F759FFF04DDA429B0F00F159FF301D39FF024E9601E9FF024E21
:2081C00039F00A4EDA2037F00600E9F00A4E39F0064E37F006F0E9FF064E6D008337821433
:2081E00040D46DFF45D2821440D46DFF2CD2DA00912000FF59FF344E822440E46DFF01C871
:208200000C21B70F01F12C21826440E46DFFF9C70C21B70F01F12C219120002FD9223A3D72
:20822000142F2E3C09CF6D08960489CF2D08142F2E06D4DF081F96203C060090D4DF081F6A
:20824000B70F81F22CF1142F370FE2F0EE0382043C08142F370FE2F05E1382143C0282246C
:20826000D4D41DFFD5C72008CC47F4AF820909FFA41908FF6F7F1180483F4810AEF56F7089
:208280000480EFCF0580BBF0FF9F3C06B70F91F7C2CF370F7090769FBBF0FFFF7E9E9100FC
:2082A00000F719FF1400C21F59FF14008204D4A46DFF95CBA0020090C5FC100154C88204DE
:2082C0003B20186002956D002803402D54C1910000F719F02400A281421059F02400BD0DB9
:2082E00053008204D4A46DFF96CB8020B7001C107B0000FB7E15B70081FE60FE3C02402E94
:20830000820854CA80EFB70F050042F98BF90110B70105107F101080B70F05F0A2F18BF1F5
:20832000011006B1C2F1601F60028920800B8B000200FCFB40DFC81401E8005609F4CA0820
:208340006DFFAEFC09FFCA08D4FF42F837087080BD0FF3FF54C0910000F719FF2C00A2A011
:20836000420F59FF2C00910000F719FF2800C21F59FF2800910000F719FF1C00C21F59FF0A
:208380001C003C08910000F719FF1800C21F59FF18008204D4A46DFF22CB40D20090200853
:2083A000405F094D9C0909F8C80885F910013BA05EF07F8FAD8009F0CA08DA223FF0A88041
:2083C000C81C09C4CC086DFFD8EB3B0080F07E2409CF57081E63DA003C02DA01DF0F98006B
:2083E000916000C9D9CC009C80C0B7001CF07B0000197E14B71081FE60FCDA00C81510C42C
:2084000009F4CA086DFF4CFC09F0CA08D4FF420F370F70F0BD0FF4FFCCD5820A683A08FFAF
:2084200096042CFF08FF96402CFF08FF96802CFF682A09FFC8083B405B00370F0EF0ACF403
:2084400074FA02A440D46DFFF0D009DDDC08820E4BD81102028C02EBAB1000F16E4A92F0D7
:2084600074A0C2FF60FECCD50BDC901101CE0026802F74FF09FFC8080210370F0EF0ACF4BB
:2084800054AF0BFB002108BF372F81F32CFB683A8B0B0032F6B609F0CC0837800FF0ACF6AF
:2084A00008EF96042CFE08EFB72F02F02CFE09FFCE08B70F83F3ACF708FFB70F02F12CFF60
:2084C00008FF373F81F22CFF08FF372F01F22CFF08FFB70F01F32CFF08FF96802CFF421E62
:2084E000A21C820440D46DFFA0D0C21BFDE0BD7FCCD5D4D280FF592F2041820440D46DFF9D
:20850000E8D04CD6C21F6CD6ECD53C1C820440D46DFF96CABD02FC7FDA00402CC81510C4AE
:2085200009F4CA086DFFBCFB09F0CA08D4FF420F370F70F0BD0FF4FF820540D402F46DFFF8
:2085400038CC910000F719FF2000C21F59FF200085F01001910000F719FF3C00A290420F19
:2085600059FF3C00910000F719FF3800C21F59FF380082020090404CD4A209AD840909A418
:2085800088097CC991100048D944F8AD6D006A34A00200907CD691100048D944DCCD3CF7E9
:2085A0007C5591100058D9554CBD7C6591100068D9664CBD7C7591100078D9774CBD82089B
:2085C00049CF040A64F864F864F8911000F8D9FF68B8ECC589C8A40889C82D0889C29C09AC
:2085E000911000F7D9FF00BE14FF89CF300889C4900940C46D007D00911000E7D9EE3CAE9D
:2086000040C42D0D0000DF02C5FF3BF00F00D4E209CF70087E0389C830084024BC2D09CF08
:208620007008094170087E15C21F89CF30083C04D444BD04F8FFBD04EDFF09CF70083BE0D4
:208640000F007E0334F83C03C21F34FFF4C2F4EC911000F799FF34AEBCFAD4F28214A005AC
:2086600040C42D020000C81FBD0FF9FF40C20090F44591100027992F34AEEC41B52434AEF7
:2086800000902008404F405C54C0481F406DBE0A74A074DF40A540D46D004A0940A540D4EE
:2086A0006D00382254C0681009FF6D082E292E0876072E3649F5040A40F46DFF41ED8212CE
:2086C000009082020090764F911000F799F23CAEBC2A092F7008C21F370F68F03E45D42296
:2086E000BD02F9FFA00200903B40FF2F00902018404F405C406D407E82087CC5911000C856
:20870000D9CC4CBD7CD5911000D8D9DD4CBD7CE5911000E8D9EE4CBD54CF8B0F0092EE0C1F
:2087200049A6140A40C56DFFAEFF76263B00018049A2140AF4A2482F54D03E06780382102B
:2087400054DF6CF23C02820076078F08448149A20C0A89A28409483F54E03E067804821029
:2087600054EF6CF33C02820076078F08428149A2100A89A28809F69D49A6140A40F440C526
:208780006DFF81FF76268F08418149A2140AF4A2DF08130091100027992C34AE8F0848F120
:2087A000BCCBD4C240A540F402F42D02000009CC8409BD0CF8FF0090911000F7B5F438AE85
:2087C00000902010404C7CC791100048D944F8BD1D00483309CF6D086F2F150016FB89CF4E
:2087E0002D08911000F799FF34AEDA0034AFBCFAD4F2824440A540C42D020000C81FBD0F68
:20880000F9FF00902010404C7CC791100048D944D4BD1D00273309CF6D086F2F1F8096049F
:2088200089CF2D082E2A2E0909C0040976062E3549C5040A6DFF84EC911000F799FF34AE5D
:20884000DA0134AFBCFAD4F2824440A540C42D020000C81FBD0FF9FF00902010404C7CC7C6
:2088600091100048D944DCAD1D00FC3209CF6D086F0F2380960189CF2D08911000F799FF5C
:2088800034AEDA0134AFBCFBD4F23B80004040A540C42D020000C81FBD0FF8FF09CF6D08B1
:2088A0002E2B2E0A09C0040976072E3649C5040A40C41DFF45EC009082051D000200BD040C
:2088C0001F00BBF0FFFF3F4F1B80DF042400094FC808424F370F70F03F4F12800C4C2E7A21
:2088E0004C41A24F60FF4942100A012F30F4EE093C0676554C41A24F60FF3C03821200905E
:20890000EC41094FCA08424FAC45094FC808424FAC44820200900B6510882008024BDF184D
:208920000E00DA413E8B3B2018005F8020003B0028005F80B1001D00D80082746DFF32FA5D
:20894000A00F7C2340F23C0FF42FEC218929880889298A0889280C08DA002C2D8210892063
:208960000E082C2F402F1D00C200820AA00C821840CF3BC05EC040CD3B2008D03B80004003
:208980006DFF10FABD025B80820074A04DC0E20F3700E1078B0020020D004003000074A003
:2089A0006D00383291100027E92804BE6D002C3254AF14AF6E030D000003BD0F9600820946
:2089C00074A94DC0E2FF370FE1F78B0F20F20D004003000074AF6D001D3208EFC2FF2CFEB1
:2089E000370F68806D00103254AF14AF6E030D000003DF08208008CF08D0160FD4FC6F10A9
:208A00000700C84240F42D0200003C125E273B80004040F46DFF76F93C0B5E16827440F420
:208A20006DFF70F93C05EE0440F46DFF65F740CF3C02A00FBD0FC6FF3C57012B00468B3BDA
:208A40000000F42CB70002004944100A804F92310B0C800037007020B70102F06C218929BD
:208A600088080B2950F16A9089208A08892D0C08892A0D0889280E08892A0F087CF3402FBB
:208A80003C02F4D2A209402D37097090820BDF0977FF3C2C9A39B70F02109A3BB70F0200DF
:208AA0004210370070F08B0F01403F1F1E803F141C806DFF11F8402FA002BD0F170001FBA2
:208AC0000046F4F24942100A802FC23FB70F02F06CF1A849DA80A85982002CFCDA0128D037
:208AE0002CFE28F03C03A002009040F20090C234B70402F012507F070480A0020090BC53B1
:208B0000105F3C02A00FA002F442EC418945880889458A0889460C08DA022C4DDA012C4EA9
:208B2000DA002C4F40420090BC427C5791100048D944E4ED1D009631544F6E0A094FC808FF
:208B40000950C808420FAC44D444544FEEF8094FC8080950C808420FAC44F4450090200887
:208B6000405FBC427CF891100048D944E4ED6D0079313C13544F6E0A094FC80809F0C8089B
:208B8000420FAC44D444544FEEF8094FC80809F0C808420FAC44F44FBD0F1A00DA0074AF9B
:208BA0004DC0E2FF370FE1F78B0F20F20D004003000074AF6D002E3108EFC21F2CFE6D004F
:208BC000233154AF14AF6E030D00000300908202BC47D444C21237027020BD04FCFF0090E2
:208BE0000256404F09F5C8086DFF97FE402C7CC3A002009040C440F56D00040040C20090A6
:208C00008209404F0298405CBCF8BCC709F0C80809C1C8087F100B8091100048D944DCFD71
:208C20006D0020313B00FF2F009009F0CA0809C1CA08A290C812A28109C584090B1090F1F0
:208C4000012900460158005602F46DFF29F842F809C0CA0842F93F0804808208D4CC09FF65
:208C6000CA087E9ED4FF82097CFBBCCA91100048D9440C0E6D00F6303B00FF2F0090BCC87B
:208C800009C0CA0809CFC8087E0354CFEE0ABD0F110009F0CA0809FFC8087E0B54FF6E0922
:208CA00091100048D9441C0E6D00DC3082A20090BD0CBDFF82020090820A405C0BA410884F
:208CC0007C4991100048D944081E6D00CB30820200907CC991100048D944281E6D00C23037
:208CE00082020090404F3C2209F0CA0876573F050680A205370570503C18A250C812370017
:208D0000700001CA0046012500560B9090F102F46DFFC6F742F83708708042FA370A70A025
:208D2000A2F9370970908205D4FF7693BD0FDEFF028200902008404F7CF382020090820973
:208D4000029A74AA4DC0E2FF370FE1F78B0F20F20D004003000074AF6D005C3008EFC2FF7D
:208D60002CFE370F68806D004F3054AF14AF6E030D000003DF08238008CF08D0160FD4FC3A
:208D80006F100700C84240F42D0200003C125E273B80004040F46DFFB5F73C0B5E16827415
:208DA00040F46DFFAFF73C05EE0440F46DFFA4F5C21940CF370968903C02A00FBD0FC3FF64
:208DC00002920090FF0422003254BC4D370470F00940CA087FF00A8091100048D944C4ED55
:208DE0006D00403082120090CC41820201F400F6EC410940CA08A2F089408A080940C808A8
:208E0000A2F089408808009082151DFF5AFD0940C8081A547FF00B00BBF0FF2F0090094F0B
:208E2000CA08D444A2F437047040BC45094FCA087FF4F7FF8200BF1531006052B0F2404FC9
:208E40001A043C0509F1CA08D4FFA21F370F70F0BCF509F1CA087F1FF7FFBCF909F1CA081B
:208E60007F1F0680C81F10FF14FF3C0282FF8B0F4013145F3E1CBBE0FFFF7FF00480C210EE
:208E80003C03BBF0FF0F370070200090C210B01537007000FD20D57F82020090094FC80898
:208EA0007FF43280A24F0940CA08370F7010404F02487F40108009F0C80809F2CA08A2104B
:208EC000A8405A28D4FF370F708009F0CA083F80F4FF08CF160FEE0F09FFCA083E8C08DF1E
:208EE000AE1AC81240F401F220F080F442846DFF4CF6402FA858A848D4F4BC436DFF1CFF04
:208F0000A002F4F200902008404FBD0F1A00DA0074AF4DC0E2FF370FE1F78B0F20F20D00DA
:208F20004003000074AF6D00752F08EFC21F2CFE6D006A2F54AF14AF6E030D0000030090DB
:208F4000BD041200BBF0FFFF3F4F0E80DF041A00094FCA087F4F0A8091100048D944C4ED43
:208F60006D00802F82120090CC4101F400F6EC41094FCA08A24FAC45094FC808A24FAC4477
:208F8000820200902010404C024F49A6100AA00FF4AF89AC8409BCC410CFB0FF3C02A00F98
:208FA000F80240A46DFFC1DCBCC56E04D801DA0034FF00902010404F405C49AD100AA00254
:208FC000F4A2F80140F46D000A0001F200F6F80240A440C540D61DFF08DF404F044FEEFFA3
:208FE00001F420F080F2C2F200902008404C7CC891100048D9443C2E1D00342F009009C075
:209000005408DA0A7E0C91100047D94424BE40C56D002A05821440C41DFF74F6DA0009C833
:20902000101902F909CA240909CD902909C29009F4A209C1D608DF001C80DF0128009110B7
:209040000027D92210BED42F7DCF0580CCC3F42F3C0CBCFBC8327DC2068009C28C09E83262
:209060003C04402FBD02F8FFA00FECC33C0F021991100047024FD94408BE40C56D00F40441
:20908000911000F78210E9F00CBE09CFB019BCFDC814D4FEBC436DFF4FFE823440F46DFFED
:2090A00031F640EFBD0FF6FF09CFAC19BCFDC814D4FEBC436DFF40FE823440F46DFF22F67E
:2090C00040EFBD0FF6FF09CFB419BCFDC814D4FEBC436DFF31FE823440F46DFF13F640EF6C
:2090E000BD0FF6FF6E0C028449C6040A02A509C7D808029640C440C56D003517821440C447
:209100006DFF00F6BD0D7C7FD4A43B30FF4FDC0D82141DFF6CFFBC46094F54085E138945FC
:2091200098090090821440546DFF61FF3B30FF2F0090024882146DFF35F6402FBD0FB880F5
:20914000911000D7D9DD08BED4DFBD0F2C0009FFDA08C83C6F3F2400BB70FF0F260FACFD99
:2091600009FF54081E341E431E783C1940F46D005417F62ADA053C0640F46D004E17F62480
:20918000DA0989FF1408F62540F46D0046143C07DFF2068009FFDA089608ACFD40CFBD0F8C
:2091A000D8FF911000F799FF24BE8200A004BCFE91100027192118BE488F5AF13F0F04801A
:2091C00002F040F4C83FBD0FF9FFBC4482146DFF0EFF82146DFFE6F5402FBD0F6980D4DFDB
:2091E0008200A004BD0F1300DA099110002709F154087E19192118BE4882A2213F01048071
:20920000021040F4C83FBD0FF4FFBC4482046DFFEEFE82146DFFC6F5402FBD0F4980D4DFF0
:209220008200A004BD0F130009F15408DA087E1B91100027192118BE488FA2F13F01048052
:20924000021040F4C83FBD0FF1FFBC4482046DFFCEFE82146DFFA6F5402FBD0F29808BF843
:2092600027F36E21D4DF92F0911000278201192218BEA004BD0F140009F355083F0308800D
:209280005F030B80488F5AF23F1F07800230488F40F40BF28010C83FBD0FF0FFBC448214B7
:2092A0006DFFA5FE82146DFF7DF5402FBD0F3C00820440F43BC009506DFFABF5BB00AF0F21
:2092C00089F8150889F0A41889F0AA08DAFF89F0A8082CFB3B8021F089FFB208DA0689FFF1
:2092E000801889FFBE0882FF89FFB008DA0189FF881891100027192F18BE6CF891100027B2
:20930000392F20BE89FF1E0891100028BB00D0FD89F08A18D922AAD99BDF06F089F28429D7
:2093200089FF142940F20090BC438945900900907C5591100058D9554CBD7C4A9110004800
:20934000D944183E6D008E2D3B00FF2F0090094F54086E0991100048D944303E6D00822DBE
:2093600082A20090DF043380820091000027BBF0FF1FD9220410BB00002C0923C0083BF08B
:20938000FF43C2133703703082053A132A233C16911000F8D9FF08AE01F502F6D4FFD4FFAE
:2093A0003C0A09FFD6087E36C2107F04ECFF82043C08C83FBD0FF7FFC215BF45EBFF0234FF
:2093C000B423DF041C8082E2009091100028D92208AEA036D42FD4FFBCFE09FFD6087E48B7
:2093E00054FF6E04545076027E0382820090C83FBD0FF5FFB042FD60EF7F545F6E02744F0D
:209400008944960891100027992F10BEEC43B52410BE6D002C1A820200907C4A9110004837
:20942000D944242E6D001E2D3B00FF2F0090094F54081E15094FDA089610AC4D82141D0099
:209440000200404CDF04450009CF54081E43DF7F408009CF3819EE0709CFE808BB00AF0F44
:209460005F0F370009C4101909C5240949C6040A09C6D60809C7D80840C56D00741540C4DD
:209480006D009C0291100027D92208BED4247DC4068009C48C09F4243C0BBC4ACC437DCF57
:2094A0000580CCC3EC433C0440F4BD0FF9FFA00FECC3911000F799FF14CEDA01911000271E
:2094C000E92F0CBE7DCF52806D00F2113C7209CF54086E059E1EDF2F3D003C4C09CFD60882
:2094E0006E4491100027D92210BED4247DC40580CCC3F42F3C0BBC4ACC437DCF0580CCC3FD
:20950000EC433C0440F4BD0FF9FFA00FECC33C2D91100028D92208AEB042A024C42FD4FF27
:20952000BCFB09F5BC197DC50580A00589F5BC19C83FBD0FF8FFFC4391100047D94414BE02
:2095400040C56D009102822440C46DFFDBF33C3191100047D94408BE40C56D008502911050
:2095600000F7DA01E9FF0CBE821440C46DFFCAF33C201E341E431E783C196D004E15022FA9
:20958000EE0B82503C076D004815022FEE053B90000089C01408EE0540C46D003E123C07A8
:2095A0005EF609CFDA089608ACCDDA0002F2009082020090404F406C7CFA91100048D9445D
:2095C000186E6D004F2C3B00FF2F00907C5A91100048D944346E6D00452C3B00FF2F0090CF
:2095E00009FF54086E0A91100048D944107E6D00392C3B60FF2F0090545F6CF1A8C40884C8
:2096000076446DFF62F83C0549F4040A6DFF82E9BC2654FFEE064C2174FF3C0382C200904B
:2096200009F8D608DF083480820091000047BBF0FF1FD9440410BB00002C0943C0083BF036
:20964000FF43C2133703703082053A132A233C1791100058D95508AE01550256D455D455C8
:209660003C0B095FD6087E36C2107F04ECFFDA003C0909558C09BD05F6FFC215BF45EAFFDC
:20968000023FB443ACFBEE0382E200909100004791100057195118BE19400010DA00421061
:2096A000594000106CF98BF01F1089F0101989F1041989F11819BB00AF0F89F11C1989F06D
:2096C000AA0889F0A8086CFB3B80211089F0A01889F1B2080920E408760ADA287F0F05804D
:2096E0008B801DF03C02DA000B1F901189F1B208DA0189FF881889FC8829822440F46D00BB
:209700002E11022FEE2F822089F01408DF081A0091100027D92210BED4247DF40580C83409
:20972000F4243C0DBC4C09428C097DF20680C83289428C093C044024BD02F7FFA002E8327C
:2097400091100027992408BEE834B52F08BE6D008E18911000278210E9200CBE40F46D0017
:209760005C1102F20090BC4E094FE4086E0B3B8002007FF005808B8F1DF03C02DA000BF442
:20978000904102420090BC43894590290090911000D7D9DD20BE14DFBBC0FFAFC21F34DFF2
:2097A000BB70FF8F82593B9000B0820C911000C7911000F799FF08BE3C4714D009F15E08E7
:2097C0005F01420089F01E0809FFDA082E0A9602ACFD40F46D00211109FFDA0826AFACFDAA
:2097E00009FFDA086F3F2200268FACFD09FF54081E341E431E793C1940F46D000E14F62A6B
:2098000089F914083C0740F46D000714F62389FB1408F62540F46D0000113C07DFF206808B
:2098200009FFDA089608ACFD09FF3819C83E6E09E9CC0CBE40F46D004E0139CF0CBEEEB939
:2098400040EF3C02C83FBD0FBAFF009082141DFF59F2A0051D000200404F405CA00D7CFA70
:2098600091100048D944184E6D00FC2A3B00FFFF3C5A09FF54086E0A91100048D944085ED2
:209880006D00F02A3B10FFFF3C4E82246DFF8AF2402D7CD382FF3C47C84289D29009821090
:2098A00009FFD608ACDB89D01408820009FF550889DF1508089F2CD989D0080808BF2CDB77
:2098C00008AF2CDA54FF74DF09FFD6086E1991100027D92210BED4247DF40580C834F42425
:2098E0003C0DBC4C09428C097DF20680C83289428C093C044024BD02F7FFA002E83282143D
:2099000040F46DFFFFF1911000F8D9FF2449ECD691100027992F14BEECD3B52D14BE6D00D5
:20992000A617DA00BCC234CF40D20090404C405DBD0C330054CF6E30911000F799F408BE9C
:20994000BC4B54CF5440CC437E0482146DFF4FFB40F4BD0FF8FF911000F799F410BEBC4B7B
:2099600054CF5440CC437E0482146DFF40FB40F4BD0FF8FFBD0D110054DF6E0E911000F749
:2099800099FF14BEBCF954FF54C07E0354DF74FFC83FBD0FFAFF00903B0004401DFFCBFB5D
:2099A000910000F719F2001091100027192F18BE42F259F200100090404D7CD79110004836
:2099C000D9441C9E1D004E2A09DF54086E4B3BA000005F0F4800DF1F460009D4B819BC4699
:2099E0006DFFAAF9A00F89DFB81909DFB419BD0F1100C814D4FCBC436DFF9EF9823440F446
:209A00006DFF80F140CFBD0FF6FFA00F89DFB41982FF89DFB00809DFAC19BCFDC814D4FC02
:209A2000BC436DFF89F9823440F46DFF6BF140CFBD0FF6FF09DFB019BCFDC814D4FCBC43A2
:209A40006DFF7AF9823440F46DFF5CF140CFBD0FF6FFA00F89DFAC1989DFB019DA0089DF65
:209A6000A8180090D442405F7DF20580C832F4423C0DBC2C09248C097DF40680C83489242A
:209A80008C093C044042BD04F7FFA002E83240F46DFF94FF09FF54083BA000003E0A1E190B
:209AA00009FFDA082E069602ACFD40F46D00B50FDA0089FF1408ACFB00907C479110004881
:209AC000D944049E1D00CE2989458C2989441D080090404F7CFA91100048D944008E6D00A8
:209AE000C1293B00FF2F009009FCB819A0020CCD89F2B81909F28429BC28C844820440F593
:209B000040C62D0200003C0909C4C8086D00520040C46DFF11F98202DF0219806F5F1C000D
:209B200009FFE808BB00AF0F3E04C21F89FFA80809F28429BC27C844A006820440F52D0232
:209B400000003B30FFFF7E2C3C043B30FFFF7E243B30FF2F009089FCB81982B200908202E0
:209B60000090BC43894584290090406F7C5A91100048D944288E6D0075293B00FF2F009006
:209B8000BCFA09F4C80840546D00140040F46DFFD3F83C0DF64C095F54081E15095FDA08F6
:209BA0009610AC5D821440541DFF4DFC820200907C4791100048D944006E1D005329094F2B
:209BC000E80842F437047000BB00AF1F3F0104807FF005808941A8083C038940A8083B8086
:209BE000D7070941F2080942E8080B0190014C4909412C09122342100B0380000E06894263
:209C0000AA084C4BA2F33C0B52108E05DA00894FAA083C04A2F18941AA0882033B006DF159
:209C20003FF30880094FDA089602AC4D1D00F50E0090404C82346DFFB5F0402F7CF3A0021C
:209C400000903B40014040F440C56DFF29F0C8146DFF5BF940F20090404FBCF9C814BC437D
:209C60006DFF6AF8823440F41DFF4CF00090404FBCFDC814D4FCBC436DFF5EF8823440F4A5
:209C80006DFF40F040CFBD0FF6FF0090BC43894580290090911000F7D9FF18BE2018F8014B
:209CA0003B80CBF454F09BAF00F07804C21074F0911000F7D9FF20BEF8023BF0FF8714FFEE
:209CC0008209C21F34FF911000F73B401FA0D9FF08BE3B9000B0F803820CA00FF4AFD80344
:209CE000D4FF1D006E0109A2880909FF5E0814207E05F4AFC83F1D00640189F01E08820D4A
:209D000009FF540802DE5E2509FF4218FF6F0D8009FF4218FFCF098009FF59286E3809F03E
:209D20005A28BFC00580821D1D00840091100028D92218AE102209FF582809207FF87F0FEB
:209D40000580C21F89FF182809FF58283F0F728009F4E018DA01F64640F46D006214762B49
:209D60003C0940F46D007D11F62640F46D00550EF622DA006E5EDA0089FF182809FF592866
:209D8000FF7F5880C21F89FF19283C5309FFB008370F70007F800580C21F89FFB00809FF11
:209DA000B00809F080183F0F450040F46D009F10762709FF3019EE3D09FF2C196E3A09FF61
:209DC00054089E2909FF4218911000288BCF20F3D922389E102209FFBC0809F0BE0886DFD5
:209DE0001421420F0F1F10F03BF0FF070B0F80F189FF8018DA0089FFB00809FFC81809F0D8
:209E0000E0180B0F90F186FF89FF8A1809F0F2088610370070007F0F048089F08A1809FF9B
:209E2000F20889FF881889F9AA1840F46D00551009F05408A00CDF600D8009FFDA082E4988
:209E400009A28409488F5421A2F18B91A2F242FD089F6F3F2A00DF400400DF70268009F468
:209E6000142909A2840958041241488F4BA111225420A2F07F020580C21D821E3C153BF0C1
:209E8000491209FF5B280631031F0AF44BAF11227F020B8040F46D00AA0DF62609FF5B284D
:209EA000C21F89FF1B2809FDB419BD0D1C0009A2840909FF8018536F2010488F5420A2F096
:209EC0003F10118009D48409D4DEBC436DFF34F7823440D46DFF16EF40EDBD0DF5FF89FC45
:209EE000B41909FF54085E3909A2840948815420A2108B90A202420D7EB909A28409488F1F
:209F00005420A2F08B10AFF242FDDF0D330009FC902940F46DFF52FDD4A4C832BC448942B7
:209F20008C093C0409A48C09F44276EE09F41019489549F6040A09F6D60809F7D80840F42F
:209F400040F56D001010C84D40F4C83F82146DFFD9EE911000E7D9EE0CBE34ECBCC63B3000
:209F6000FF4F40D42D0C000014EF6E2A1DFFB7FEF4AF40F2092F5C08C83FC21F892F1C08A5
:209F8000092F5C0809205D083F0F1B80DA00892F1C08911000C7D9CC0CBE34CF09228C293E
:209FA000BC27D4A5095490092D0200003C02820214CFDF0F94FEF624D4A46D002E0DBD0FF5
:209FC00094FE911000F7D9FF24BEF802D4FDA002F4A2BD0D6A00D8014CD854F0A2F08B10F8
:209FE000AFF26E5C09DF54086E493BA000005F0F4600DF1F440009D4B819A00CBC456DFF63
:20A000009BF689DCB81909DFB419A00EBCFFC814D4FCBC436DFF90F6823440F46DFF72EE08
:20A0200040CFBD0FF6FF89DEB41982FF89DFB00809DFAC19BCFDC814D4FCBC436DFF7CF68C
:20A04000823440F46DFF5EEE40CFBD0FF6FF09DFB019BCFDC814D4FCBC436DFF6DF68234F4
:20A0600040F46DFF4FEE40CFBD0FF6FF89DEAC1989DEB019DA0089DFA818D4A209DC8C09E5
:20A08000BC26402FE83C09DC8C093C03D802F4FC40D482146DFF36EE3C04F4AD09DC8C0933
:20A0A00040CDBD0C9AFF00906DFF73FB911000F739FF1CBEC21FE9FF1CBE39FF1CBE2E0337
:20A0C0001DFFEAFD00903B80D7070941F2080942E8080B0190014C4909412C09122342109D
:20A0E0000B0380000E078942AA084C4B0BF38020009052108E05DA00894FAA083C04A2F14F
:20A100008941AA0882020090202089A48809911000F7D9FF1CCEF4AF09428409F4F2D8021C
:20A1200009F0CA08DA143FF0BF82910000C7D9CC542149CF120AF80109C41209D4C46DFF6B
:20A1400017E4DF02B18254FF3B000E0016F05F0FAB02D4A2D42F09F4CC086DFF0EDD8F42C1
:20A160003F408624DA143FF49F82D80209FFC8083F4F9A82911000D78BC41EF0D9DD28CE97
:20A18000B4DF911000E7D9EE24CEA00FF4EFD80209FFCA08911000F7D9FF20CEF8063F4FBB
:20A1A0000B8009DFC008B4FF09A488096DFFCAF63C2600903B40014009A488096DFFC2F637
:20A1C000D80209F4CA08D806B4F409DFC00809A48809A24F370F70F06DFFB4F6D802D4F413
:20A1E0000940CA083FF06082CC41F4EF02F46DFFA9F6D80209F0C808A2F0A840D4AFD4FFCF
:20A2000009F4C0086DFFB9DCB4F2D4AFD4FF09F4C2046DFFB2DCB4F2D4AFD4FF48146DFFFB
:20A2200099DCD4AFD4FF911000D7D9DD10CE681274D248246DFF8EDCD4AF91100027D922FF
:20A2400028BED4FF89A294096822742209F4CE086DFF93DCA872911000E7D4AFD4FFD9EEF0
:20A260002CBE09F4CC086DFF88DC8FF203F134EFD80209F0C808911000F7D9FF2CCEF803B3
:20A28000B4F014EF16036E079A10B4FF09FFC0083F0F0A82911000F7D9FF08BEF804A006AA
:20A2A000D4F5D4A2D42489A59809BD052E00405F088F6E0909C2840909207008C2103700F9
:20A2C0006800FE0D09FFD8080940C008FE0709FFD6080940C208FE02481F09C00E097E0E41
:20A2E00054FFD80154F07E0ABC6FD806C83FEC63D806E83509A598093C07D80640F6C83F5F
:20A30000F806BD0FD7FFD804F4F5D806BD0F9280911000F799FF24BEF806BD0F5A00088F4F
:20A320006E09CCC109F07008C210370068005F0F4B80D4AFD4F2D8060927C00809FFD808F7
:20A340005F7F43800926C20809FFD6085F6F3D8049C60E0A481F54605F0F378054FFD8015F
:20A3600054F05F0F318014EF6F2F9E816F1F1600D80654DF48905201BF01170009F1E80819
:20A3800042105200FF101100D80309F5C00809A4980942F51D0082012E07911000F719FF4E
:20A3A00018BED8066CF8D80309FFC008DF0F7C0109A49809094FDA089602AC4D6D002D0BB1
:20A3C0001D007201D806C83FF806BD0FAAFF91100047D94414BED445A00FBD051E000C58B2
:20A3E0006E0909C2840909207008C210370068007E0ED4A2D422095FD6080920C2087E07C6
:20A4000009A28409545F54203E076E06405F09558C09BD05E6FFBC5DBCF709528C09E83215
:20A42000D44FEC53F44540546D0042011D003C01D4AFD4F2D806BD0F1D01911000F7D9FF62
:20A4400030BEA004F4F440F509A68809911000C7D9CC0CCE096FC808ACF48956840589A5A8
:20A460008409E842911000F7D9FF08CEF4AFDA00F4F4911000D734CFD9DD04CEB4DF14EFE1
:20A480002E35D80208DF96012CFDD806911000E7D9EE14CE09FF38196E1840F46DFF1BFB34
:20A4A0003B30FFFF3E2809FF38196E0FD80309FFC0086E0BD80609FFEA08DF0FCE8040F48B
:20A4C0006D00890D1D00C90009A49809F4E46D0020023B30FFFF5F2FC00014CF6F3F17007F
:20A4E000D80609F29029BC26C8443B20FF4F2D02000009A4900909A598096DFFB5FA09A4A7
:20A5000098096DFFA5F91D00A80009D4C008DF041400D80609FF8029BCF809A59809095440
:20A5200090092D0F00003C0282023B30FFFF5F2F9400DA00B4DF14CF6F4F1A00D80609FFEB
:20A54000DA08AE4909F29029BC26C8443B10FF4F2D02000009A4900909A598096DFF84FA39
:20A5600009A498096DFF74F9DA013C02DA00EE74D4AFD4F6BD062900D80609FFDA082E49E7
:20A5800040646DFFD9F309A498096DFFC3F53C6409FF8429BCF909A5980982040954900998
:20A5A0002D0F00003C07A004820409A598096DFFDEFA3B30FFFF5F2F50007626D4AFD4F233
:20A5C000D80689F2B81914CF6F5F2400D80609FFB819BCF508DF96202CFD3C1BD80609FF11
:20A5E000E808BB00AF0F3E04C21F89FFA80809FF8429BCFA09A598098204A00609549009BB
:20A600002D0F00003C0282023B30FFFF5F2F2500A00FF4EF14CF6F4F1A00D80609FFDA080B
:20A62000AE4909F29029BC26C8443B10FF4F2D02000009A4900909A598096DFF15FA09A4FC
:20A6400098096DFF05F9DA013C02DA00EE0509A498096D00E209A00FF4EFD4A2F42FD8015F
:20A66000D4F4BD04A87D6DFF67F3A002F4F200900924CC086DFF81DA6F221680D4AF54D5B3
:20A6800049C60E0AD4F2D803A0040927C00809FFC0080926C20842F5D80509A5840954F4F6
:20A6A0006D00610C09A488091DFF46F3911000F739FF2CBE404C6F2F9F806F4F22009110A9
:20A6C000002799221CCE91100047911000F7194510CE91100047B9FF2CCE910000F742F599
:20A6E000D9FF5421194428BE0926C2080927C00840C449F5120A49F60E0A1D00340C6F1F39
:20A700007B0009C455086DFF16F5402F7CF9CCC6BD0F720009C49009A00582F4DC0F91006C
:20A720000027D9225421092F120974FF911000D7092F0E096CF18230911000E709CFD608A8
:20A74000ACFB40F499D21CCE092FC008ACFC89F0140819EF10CEC21F6CF96CFB6DFF22F972
:20A7600089F2181989F2101989F2041989F21C1919EF10CEC2FF89FF141909C29009E84257
:20A7800089FCBC190CC9160C2CF90CC82CF891100027992408BEE834B52F08BE6D00671056
:20A7A00091100027DA01E92F0CBE40F46D00250099D21CCE49F4040A092FCE0889FFA01860
:20A7C00089FFA2186DFFA6E009F4F20849F5040A40246DFFCAF789F2B2083B20014040F46C
:20A7E0006D00BD087625820440F41DFF00F440F41D0013090090911000F7B9F228CE404507
:20A80000DF02860091100067DA00D96618CEB46F3B405B10911000F7911000279110004779
:20A8200099F724CEB92320CE99421CCE096FC0089210B460BC737F3F0680102F09FF5408FB
:20A840003C06A23F370F68F0107F14FF6E60DF1F5B00DF2F4280096FC0089210B460BC7379
:20A860007F3F0680102F09FF54083C06A23F370F68F0107F14FFDF4F4B80096FC0089220A3
:20A880003F0246009210B460BC737F3F0680102F09FF54083C06A23F370F68F0107F14FF02
:20A8A0008F8F2000096FC0089214B464BC737F3F0680102F09FF54083C06A23F370F68F085
:20A8C000107F14FFA6F03F010380F6033B405B008950B2083C18096FC0089210B460BC73A2
:20A8E0007F3F0680102F09FF54083C06A23F370F68F0107F14FFBF2F0B800960C00842F032
:20A90000C2E0B460096FC0083F2F92FF0090911000D7D9DD2CBE14DF8200404C6F2F3400C7
:20A9200009CF54085E2991100027192F28BE09C11019FE163C074CC991100027192110CE27
:20A940007E1382103C0D0BF180200E2A09C2E808422FA2F14E1509CFDA089602ACCDDF00EB
:20A96000220291100027392F0CCEBBE0FF0F9608E92F0CCE3B20FF2F09CFDA0826F089C0CE
:20A980009A0800902E1609CF54081E23DF3F8E8009CFDA08AE46911000F719FF18BE6CC838
:20A9A000DA0089CF1B2889CF1A286DFF26FFDA0909C05408911000F8D9FF20AE3F0FF3016E
:20A9C000DA023FF0F0015AF090FFD4FFDC0F14D06F4072006F10700009CF0419911000F763
:20A9E000C21F19F128BE5F1F6780911000F719F010CE911000F79A106CC96CCB89C104198D
:20AA0000C2F049C4040A99FF1CCEDA0409F1CE0889C1A01889C1A21889C0141989CF140849
:20AA20006DFF78DF09C4F20849C5040A40246DFF9CF68F1200F089C2B2083BC011010B0F51
:20AA4000B0F106220BF290F189CF881809CFE618C2FF89CFA61809C4B0197C4709C4AC191F
:20AA6000D44F89CFAC193C04D44F89CFB0196DFFF5F809CF3019EE0582FF89CFB0083C06D2
:20AA8000DA0089CFB00889CF021809CF8829BCF809C49009820440C52D0F00003C0282022E
:20AAA0003B30FFFF5F2F620009CFDA089602ACCD1D0079016F407701911000F799FF1CCE9A
:20AAC0009110002791100047192510CEB94F2CCE9100002742F5D922542191100047194404
:20AAE00028BE40C44925120A49260E0A09F6C20809F7C0086D00370A09CF4218FF6F5381A8
:20AB0000DA0089CFB00840C46D00D7091D004B0114DF6F4F6400911000F719F428BE09CF19
:20AB200004195AF4C2FFBF0F3C0009CF10195AF4FF1F3700DA0489CF140809CFBC197CF3CD
:20AB400082A23C0CC86FBCF809C49009820440C52D0F00003C033B00FF2F762A3B30FFFFC0
:20AB60003E2440C46DFFD6F23B30FF2F009040C46D001B01911000F7B9FF04CE3BC0110156
:20AB80008AFFF9FF04CE09CFF2088F1F00100B01B001062F0B0F90F189CF88183C3191103F
:20ABA00000F799FF1CCE9110002791100047192510CEB94F2CCE9100002742F5D9225421EF
:20ABC00040C44925120A49260E0A09F6C20809F7C0086D00C8091D00E6006F1FE4004CC907
:20ABE000911000F7C2FF19F010CE5F0FDC8040C46D0004091D00D70040C46D00D6009110F1
:20AC000000F739FF0CCE6F5FCE0009CFDA0882709602ACCD89C014081D00C50040C46D001A
:20AC2000C400911000F714DF39F00CCE8F0F01116F50300009CFDA089602DF01250091102B
:20AC400000F719F028BE09C110195F101D8009C02C19DF001980ACCD40C46DFFAFF691105A
:20AC60000027D92208BED4247DC46300BD047000CC437DCF0580CCC3EC433C6940F4BD0FDC
:20AC8000F9FF3C65ACCDDA0889CF14081D008B00DF018900911000F719FF28BE09C01019B3
:20ACA0005F0F818009CF2C19EE7DDA0689CF14083C7940C46D007900911000F739FF0CCE00
:20ACC0006F5F710009CFDA0840C49602ACCD6DFF75F691100027D92208BED4247DC42900A4
:20ACE000BD043600CC437DCF0580CCC3EC433C2F40F4BD0FF9FF3C2B40C46D00560014DF3B
:20AD00006F4F5100911000F719FF28BE09C010195F0F498009CF2C19EE4540C46DFF4EF661
:20AD200091100027D92208BED42F7DCF0680D42FC83FF42F3C0CD422BC2ACC237DCF0580A4
:20AD4000CCC3EC233C0440F2BD0FF9FFA00FECC3911000F7DA01E9FF0CBEDA0A89CF140844
:20AD600091100027992F24BEECC3B52C24BE6D007E0D3C1840C46D00180014DF6F4F130056
:20AD8000911000F719FF28BE09C010197E0B09CF2C19EE08911000F739FF0CCE9610E9FF57
:20ADA0000CCE820200902020911000F739FF2CBE8208404C6F4FC30191100027192010CE34
:20ADC00009CF141909C11819520209C3E0180B130040BF021B007E0991100027192228BEB1
:20ADE0000B218020BF02120091100027D92228BEF4A254255F512280911000F799FF1CCE90
:20AE000009F1CE087F131A80911000F799FF1CCE91100027D92228BEF4A209F1CE08542594
:20AE200089C1A01809C2E2187F12048089C1A21889C0141989C5181909C10419028991102A
:20AE400000F70B158000D9FF2CCEFF103D0009FFC008EE3209C0181909C2E01842205F408F
:20AE60002C8009C0B008BF0028005F51268009C0431882189A10370F68F07FF0048089CF17
:20AE8000031809CF4318BF4F128009CFC81809C0F20842F0370070003FF0058089C08818D3
:20AEA0003C05BBF0FFFF89CF881809CF4318BF3F04806D00D507DF081281DA0089CF0318EB
:20AEC0001D000D01C2F0BF00080109CF10195AF5FF1F030109CFDA082E2BBBB0FF0F260F9A
:20AEE000ACCD09CFCA1889CF881889C9AA18820089C0021809CFBC0809C1BE0886DF421F3C
:20AF000089CF801809CF041989C0031889C50419A2F509CF540837057000BF4F438009C16B
:20AF2000C81809CFCA187FF116803B0080F009C2DA0809C3F20826F2BA02C21FE2F337038F
:20AF400070F00BF090F1421F370F70F03F1F26803C2609CFEA1842F0370070003FF0058041
:20AF600089C0AA183C05BBF0FFFF89CFAA1809C0C81809CFEA183F0F1580A20F89CFAA1891
:20AF800009CFC81809C0F20842F0370070003FF0058089C088183C05BBF0FFFF89CF8818DE
:20AFA00009CDB019911000E7D9EE04CE3C1440DFD4DDC8146DFF0DEE09CFE61840F4A22F93
:20AFC00089CFA61809F0C80809EFC008420FB4EF6DFF44F6BD0D1600CCD409F4CC086DFF7B
:20AFE000CCD5CCD48F3200F148146DFFB3D5D4AF09D0C8088A1054F14202A212BF12D97FE2
:20B0000089CDB01909CDAC193C1440DFD4DDC8146DFFDFED09CFE61840F4A22F89CFA61851
:20B0200009F0C80809EFC008420FB4EF6DFF16F6BD0D1600CCD409F4CC086DFF9ED5CCD44B
:20B040008F3200F148146DFF85D5D4AF09D0C8088A1054F14202A212BF12D97F89CDAC19D5
:20B06000820009CFB019A002012F10F4C2FF89CFB00889C01C0809CF2C19EE0389C9A81879
:20B0800009CFE41809E0C008420F89CFA41809CFDA086FBF240009CFB0197CFF09CFAC1901
:20B0A000BD0F1400C84F09CF0C1948146DFF52D5A22FFF1F14003C09C84F09CF0C194814F5
:20B0C0006DFF48D5A22F4EFA09CFDA08BBF07F0F260FACCD3C036D007E0709C03409DF0017
:20B0E0002E00D4AF4CCE54F1A21FFF0F2800911000F719FF18BE09C1BC08A20F8FD13F00E5
:20B10000A20F370F50F0820042F189C1BC080BF0C01109CFBE088FEF3F20A2213701501093
:20B12000421F89CFBE0809CFBC0809C1BE0886DF421F89CF801889C03409911000F7D9FFB8
:20B140002CCEF802820509C1240909F0C008911000F7D9FF10CEF80154FFDF009C038278AA
:20B1600009C254087F8297830BF180208BF21F30BF03340042F0C2F00B018000FF102E0082
:20B1800037027040911000D7D9DD30BE09D0C80840D2A2400924840589D08808D42209412E
:20B1A000CA080920C808A2407F411080094FCA088940880889458A08A2F4D4443704704016
:20B1C000094FCA083F4FF4FF6DFFBCEED8014CC974FFCCD46CF13C085210CE0609CFDA081C
:20B1E0009602ACCD54FF09C024095201BF01500309C1E8084201C2F15211FF1149035F0FB2
:20B200007481911000F7D9FF30BEF80549FD100AD4DF09F4CC086DFFB0D4D8058F3200F17B
:20B2200009F0C804F8038A10D802B4F009FFC00809C0E8087FF03F80D4DF09F4CC086DFF8F
:20B240009CD46F021300D4DF09F4CC086DFF95D4D4DFBBF00FFC8FE2034109F9CC0826F98E
:20B260006DFF8BD4A629A869D80309CFE808B4FFD4DF09F4CC086DFF80D46F120700D80524
:20B2800009FFC808C2FFACF4D80540F20924840509F4C8086DFF04EED4DF09F4CC086DFF95
:20B2A0006CD4D8058F3200F109F0C808D8028A10B4F0D80509C2B41949FF040AF804BD0258
:20B2C0008500D4DF09F4CC086DFF57D46F02110009CFB419BD0F7A0009C4B419D44F89CF4C
:20B2E000B4196DFFBBF409CF3419EEF73C6E09CEB4193C270924CC086DFF3FD46F021E009C
:20B30000D4DF09F4CC086DFF38D46F121780D4DF821409FFCC086DFF30D4A62FACF6D4DF5A
:20B3200009F4CC086DFF29D4D8058F3200F109F0C808D8028A10B4F040E4D4EE6DFF8EF48F
:20B34000BD0E1100D80109E2900954F0D8024C2109F1C008421009E1C808421FA2F0FF0069
:20B36000CB7FBD0E3100D80109E2900954F0D8020922040909F1C0081A10A22FBF1F240015
:20B38000D803A202B4F2D4DF09F4CC086DFFF5D36F120700D80509FFC808C2FFACF4D80555
:20B3A000C81409F4C8086DFF7BEDD4DF09F4CC086DFFE3D3D8058F3200F109F0C808D80238
:20B3C0008A10B4F089CEB419D80209FFC008D80154F040C442F089C0240909C0E808A2F04D
:20B3E00089C0A8086DFF71F6D804D4FF09FFC8086E0891100027B52F08CED804A002F4F29E
:20B40000D4DF09F4CC086DFFB8D36F025B00911000F739FF0CCE9620E9FF0CCE3C5209CD5F
:20B42000B419CCD4481FD80174FFCCD409F4CC086DFFA3D38F3200F109D0C80809C1240947
:20B440008A10420189C12409CCD409F4CC086DFF94D38F3200F109D0C80809C1E8088A10A5
:20B4600040C4A20189C1A8086DFF2FF609D58409095FC8086E0D91100027D92208CED424EB
:20B48000A00FBC446DFF52EB3C02F425ECD1CCD409F4CC086DFF71D36F020E00911000F708
:20B4A00039FF0CCE9620E9FF0CCE09CF54085E4389C81408D4DF89CFB41940D46DFFCEF3A7
:20B4C00009CFB419BCF6C84F4CC948105F0FA97F09CFDA082E06BBE0FF0F260F1D00E5012C
:20B4E00096011D00E30109CDB4197CDB91100047D94430BE6DFF9FF389C2B4191D00A701EC
:20B50000A00E09D29009092004095F0F618091100047D94430BE094FC80809D0C8087FF051
:20B5200096816DFF88F389A29809BD029001BCE4402FF4EF3C04D80689CFB419C842092485
:20B54000CC086DFF1AD36F02190040D46DFF91F3A00D3C390924CC086DFF0FD36F020A0044
:20B56000C84F821409FFCC086DFF07D3A62FACF640D4D4DD6DFF72F3BD0D1100D80109D260
:20B58000900954F0D8064C2109F1C808421009D1C808421FA2F0FF00DF7FBD0D1500D801B5
:20B5A00009D2900954F0D8060922040909F1C8081A10A22F8EF9A202A842C81409F4C8083A
:20B5C0006DFF6EECD806F4FD1D004101BD0E58805201FF01C90091100047D94430BE6DFF59
:20B5E0002AF3402EBD0E330189CEB41909E290090924CC086DFFC1D26F021A0040D46DFF0E
:20B6000038F3A00D3C39CCD409F4CC086DFFB5D26F020A00CCE4821409FFCC086DFFADD2F1
:20B62000A62FACF640D4D4DD6DFF18F3BCDFD80109D2900909E1C80854F04C21421009D1D8
:20B64000C808421FA2F0FF00E07FBD0D1600D80109D2900909E1C80854F0092204091A103C
:20B66000A22F8EFAA20289E2880809E4840909E4C8086DFF15ECF4ED1D00E900CCE448113E
:20B680005211C2F1BF0170008BF01F105211FF116B0091100047D94430BE6DFFCCF289A294
:20B6A0009809BD02D40009E29009D80109E0C8080922040954F11A02A21F8EFAA22189E131
:20B6C000880809E4840909E4C8086DFFE9EBD806F4EFC8420924CC086DFF4FD26F021B007E
:20B6E00040D46DFFC6F2A00D3C3BCCD409F4CC086DFF43D26F020B00D806C84F821409FFED
:20B70000CC086DFF3AD2A62FACF640D4D4DD6DFFA5F2BD0D1100D80109D2900954F0D80654
:20B720004C2109F1C808421009D1C808421FA2F0FF00DD7FBD0D1500D80109D2900954F018
:20B74000D8060922040909F1C8081A10A22F8EF9A202A842C81409F4C8086DFFA1EBD8067A
:20B76000F4FD3C74D4DF40DEBD0F6E805200BF106B000924CC086DFF00D26F0268809110D8
:20B780000047D94430BE6DFF56F2F4D254DF6E5E09D29009D80109D0C8080922040954F16B
:20B7A0001A02A21F8EFAA22189D1880809D4840909D4C8086DFF74EBD80209F0C008D80121
:20B7C00054F14CC9421009C1E808421FA2F0BF103E00D4DFC84F09F4CC086DFFCED16F02EC
:20B7E0001500D4DFC84F09F4CC086DFFC6D1D4DFBBF00FFC8FE20341C84F09F8CC0826F86E
:20B800006DFFBBD1A628A868D801D4D24CC909C0E80854F1420FA21FAC24D4DFC81409F452
:20B82000C8086DFF3DEBD4DFC84F09F4CC086DFFA4D1D4DF8F3200F109F0C808D8028A1086
:20B84000B4F03C0440FDBD0F5EFE09CFB4198208A00DBD0F1D000289C8146DFFBAE94228FA
:20B8600037087080DA100B8F50F1EA19769C40F46DFFFFF17CD5A00F89CFB4193C08A00F17
:20B88000F4DF3C0540FDD4FFBD0FE8FF40C41D00A20352100E0709C0E8084201C2F1A21F24
:20B8A0008EF509CFDA089602ACCD0090911000F739FF0CCE9610E9FF0CCE0090026F404D0A
:20B8C0008F1F0001405C8B002082024A0259862882346DFF67E2402F7CF640C46DFF2CEAC9
:20B8E000A00200902CFCA002F4F2E81CDA0040C409C0C8083B400140A280A840ACF56DFF18
:20B90000DDE7762640F46DFFA9F1A0020090C812092C8409E84C09D4D6086DFF2ED1B4C2EF
:20B92000C84C09D4D8086DFF28D189C282080294C84C6DFF0FD186E889C204098FC820F0D9
:20B94000C84C1B0F0045A6A46DFF17D189C28C0840F2C84FDA00ACF900900249404F8F29FD
:20B9600000F18B0F20828B08205286253B6003403B0028606DFFD1E7BC2A029409F51C1976
:20B98000028640F440256DFF9BFF7C2709FFDA0882F29680ACFD009009F4AC197C4489F233
:20B9A000AC193C07544F6E04D444544FEEFEF442820089F0A8186F1904806F09070009F04E
:20B9C0001C19C21089F01C196F09060009FFDA089620ACFD09FFE618092484096DFFF9E8DE
:20B9E000422F89FFA61882020090404F09F41019C2F46DFFAFD08204024540F402266D0090
:20BA0000A2017C2382F2009049F7040A40F4402540F61D00CF01911000F799F214CE404C45
:20BA200020087DC28E0109CFAC1909CFE01809C0C8180B0F9081BD0F320009C4480849C4A7
:20BA4000040A76446DFF41E63C036DFF63D7F4A2BC2654CFEE064C2174CF3C0382C2009054
:20BA6000C842092404096DFF75D009C0041909F1C808A20242127F28398009CFE0187E8EED
:20BA800009CF3019EE0B09CF5928EE0889CF1828821089C0192889CF1A2809CFDA086F1FA7
:20BAA0004A0109C410196DFF55D0820440C4024502266D0048017C2709CFDA0882E29603AB
:20BAC000ACCD009049C7040A40C4402540C66D00710109CFDA0876249603ACCD0090BBC080
:20BAE000FF0F260FACCD0090DA0089CF192809CDB019BD0D0C0154DFDF0F0901D4DD54DF02
:20BB0000EEFE1D00040109CF30196E1809CFDA081644EE1409C2AC19BC29542FEE0F092F2D
:20BB2000C80809C0F2087F0F0A8009CFE4186E0609C0E618DAB03FF00480DA013C02DA001B
:20BB4000EE0609CFDA0816A0DF0FEF0009CF54081E2AC84E3B00014009EFCC086DFF0DD081
:20BB6000A62FACE6C8120C2E1E1382023C5FC84E09C424096DFFEECF89E20809C84E09C462
:20BB8000EA086DFFFACF89E28E084CC909C0EA08420F6CCBC84208CF492E140A2E0E3B40F8
:20BBA0005B4049C5040AD4A46DFFDFED7B402040A6246DFFCFCF74E209CFB0088200CEF306
:20BBC00089C0B0084CCDEE0D91100027192F18BE6CCDC842092404096DFFBCCF89C238096A
:20BBE000C812484FD4A7092104090922CA08A21F49C6040A370F701040C582008266A2125E
:20BC000089228A08C812092FC808A21FAC24C812C84489248409C84289209008C81409C460
:20BC20004B0809C54A086DFF14D6762609CFDA089680ACCD0090DA00ACF5D4F289C2AC1975
:20BC400009CF54081E2709CFDA08BBC0FF0F260FACCDC8420924CC086DFF8FCFC8428F32DA
:20BC600000F1092404096DFF75CF09F0C80809C110198A104202A221CE1389C21019C8422D
:20BC80000924CC086DFF79CF8F3200F109F0C8088A10DF003700A002F4F209CF3019EE0528
:20BCA00089CFB01940FD3C30C842092404096DFF51CF09D29009022F092404096DFF4ACF86
:20BCC000A22FFF0F1C0049CE301A3C02D4EED4E2BD02120009229009092404096DFF3ACF0E
:20BCE000C842022F092404096DFF34CFA22FBF0FEF7FD4E2F4F2F4EF3C07F4DF40FD3C0441
:20BD000040F46DFFABEF09CFAC19BCFEC842092404096DFF1FCF09CF041909F0C808A2F2A2
:20BD200042027F28F2FE09CF2C19EE04DA0089CFA81809CFDA08BBF0F70F260FACCD82028A
:20BD40000090026F404C3B20024009C824093B00286009C9D6088B45015009CAD80809CBA0
:20BD6000EA086DFFDAE5402DBD0D1C00CCD102946DFF03CFB4F202A46DFFFFCEA8126CF146
:20BD800002846DFFE7CE68223B0001456DFFF5CEA86202B46DFFF1CEA872DA00ACF8ACF99A
:20BDA000BCD64CC909C0EA08420F6CCB40D20090404F405C406D407EBCF6088476446DFFFD
:20BDC00084E43C0440E46DFFA5D57C2382CF3C10BCF408B408A53C043BF00F408205826633
:20BDE00040C440D540E640276DFF33D5022F40C46DFFA2E702F20090404C09CDB019BCD4C0
:20BE0000CCD108EF1E1382A20090D4D289C2B01949CE2C1A3C02D4EED4EFBCFEC84F4814A2
:20BE20006DFF98CECCD4022F48146DFF93CEA22FBF0FF37FD4EFF4DFF4ED54DFEE04DA00AF
:20BE400089CFA81809C04218DAFF7FF00580C21089C00218820289C234090090404F09FF72
:20BE600030196E2909FFDA086F2F26806DFFC6FFDF02228009FFC81809F0E0180B0F90F18C
:20BE800086FF89FF8A1809F0F2088F1000107F1F0580861089F08A1809F0F20809F1CA18AE
:20BEA000133020F189FF881809FFDA089604ACFD89F2B0080090404F6D001900F62C09F0E6
:20BEC0004218DAFF7FF00580C21089F0021840F41DFFA3FD009009404218DAFF7FF00580E6
:20BEE000C210894002181DFF98FD404C09CDB019BCDC54DF6E07CCD108EF5E17D4DD54DF84
:20BF0000EEFBCCD108EF1E1382A2009009CFAC19F4DF09CF2C19EE0509DFCA0889CFA8186D
:20BF200009CFB01989CFAC19A00F89CFB01909CFDA08B71F81F5ACCDCCD409F4CC086DFF17
:20BF40001CCECCD48F3200F148146DFF03CE09D0C8088A10420289C20C19820289C2340909
:20BF6000009020080258F4A40269405C027A406D6DFFF0CD022F3B2002403B4001503B00E9
:20BF800028606DFFCAE4402EBD0E1D00CCE102946DFFF3CDB4F202A46DFFEFCDA8126CF1AF
:20BFA00002846DFFD7CD68223B4001456DFFE5CDA862BBA00F4F6DFFE0CDA872DA00ACF80E
:20BFC000ACF940E5BC56D4A440C640D71DFFF2FE0090404F09F410196DFFBCCD82040245DD
:20BFE00040F402266DFFAFFE7C2609FFDA0882E296033C1049F7040A40F4402540F66DFF6E
:20C00000D9FE09FFDA08762396033C04BBC0FF0F260FACFD0090404C09CFAC19BD0F1D00E4
:20C0200054FF6E04D4FF54FFEEFEC8420924CC086DFFA3CD8F7200F1EE0FC84F821409FF9E
:20C04000CC086DFF9ACDA62FACF6820209CFDA089620ACCD0090821440C41DFF80FC404C07
:20C0600009CFAC190249BD0F8E00F69382A2009009F0C8087F098180A29008CA370070B094
:20C080008F1A00F18B0F2082AB4B000F3700705086283B6003403B0028606DFF3EE4402D84
:20C0A000BD0D6D00C81409F0C80809D28409094FC80802B401280056A20F429F370F705047
:20C0C0006DFFFCE55FB25B80C8420924CC086DFF54CD8FF203F182082E3416F73B800080E6
:20C0E0002E0416FE8F184081C842092404096DFF31CD028440C402A640D50B9200506DFF44
:20C10000DFFB402EBD0E3B0009C8E618C8146DFF60E5A22889C8A618C8140940C808A2B055
:20C12000370070406DFFBCE609F0C80802F4A2B0A840C84D09DFCC086DFF1FCDA62FACD691
:20C14000DA00ACF509CFE618C8146DFF42E5422F89CFA61809CFE61809E484096DFF39E5BE
:20C16000422F89CFA618D4F2F4E2F4FE54EFEE04DA0089CFA81882020090BCD440D46DFF5F
:20C18000DBE582F200902030820A404C89A42009A00FF80489A52809F4A502A840FE89AE5B
:20C1A0008C0989AA1C0902A940ED89AA2C0989AE880989AA240989AE84097CCA9110004837
:20C1C000D94434BE6D004E163B00FF2F009009C0E21809C1F20886F0D4A20B0180B12B1B90
:20C1E00040BB7C2A91100048D94400BE6D003A163B00FF2F009009CF54081E471E761E25B4
:20C200001E343B50FF2F3C1358086E1009C0E4183FF0078009C0E618DAB03FF0088009CF8B
:20C22000DA0882F29680ACCD3C028202DF02E88109CFAC1909CFE6187806BD0F990054FF64
:20C2400040FE6E04D4EE54EFEEFE0CEC09E2C808160109C0E818AB4200FF89A01C095AFB1B
:20C26000370F7010020F6E1109A0200940ED0B0F90F10BF180915807A291A29F0298370F0E
:20C2800070F078073701701058087FF87280DF017000DF026E00A28F40ED0BF180C1580AA2
:20C2A000370C70D06F0F370002D57F1D1380AE1A09CFDA08AE6E09CF2C19EE0409CF301972
:20C2C0006E081B8D5BF0C2FFB70F02F00BF1905182043B0028606DFF20E37C23A0023C0B5F
:20C2E000092FCA08892C8808A2DF892C8A08370F70F0780789A29009BD0283015807780B19
:20C3000002D4D4AF0924840901F800566DFFC8DC3C22CCE154FF6E04D4FF54FFEEFE08CFF2
:20C3200016C0EE0BC81209FFCA08102FD4A27D2F058089AD24093C188204821602D56DFF7C
:20C34000ECE289A29009BD025C01D4AF01F80026D804E81209A490096DFF3BE45806422F17
:20C36000370F70F0780642D83708708058087FF8CE80580A3B000BD08F1F00C15808528012
:20C38000370070F00BBF90E1DF0C3C0009A28C09D80102E5012F00047FBE1580580AAE1B73
:20C3A00009CFDA08AE6F760709CF2C19EE0409CF30196E081B8E5BF0C2FFB70F02F00BFB10
:20C3C00090513B6003403B0028606DFFA6E27C23A0023C0B092FCA08892E8808A2EF892EC6
:20C3E0008A08370F70F07807402DBD020A0109248409D4A202E4012800566DFF51DC3C20C5
:20C400003B600340821602E56DFF87E2402FBD0FF800D4A202A53B600340012800263B0032
:20C420002860E8126DFF79E2402D7CD640F46DFF83E41D00E60040D440F56DFF77E340D4C7
:20C440006DFFC7E35806422F370F70F078067FFD078040D46DFF70E41D00D30009CF1C19FF
:20C460008234428F78056DFF9DDC402F7CF640D46DFF62E4A00D3C37DA002CFC09A28C09CA
:20C48000F4F2E81D3B40014040D409DFC808ACF4A85A6DFF13E2762640F46DFFDFEBA00D73
:20C4A0003C22C812092D8409E84D09C4D6086DFF64CBB4D2C84D09C4D8086DFF5ECB89D2CE
:20C4C000820809A41409C84D6DFF44CB89D204093B000045C84D6DFF50CB89D28C0840FDC8
:20C4E000C84FA89ABD0D8D005807ACD5D8017CF489AD84093C03D802F4FD42E889AD8809A5
:20C500003708708058083FF83CFFBCE8580B6E0609E0CA0842F089E08A08DF092200CCE100
:20C52000BD0F170009FFC808429FACF454FFEE0DC81209FFCA080294D4A510246DFFB0DB83
:20C5400009FFCA08429FACF5D4FFBD0FEDFF09EFC808429FACE409EFCA08A29FACE5D80443
:20C56000580789CFA818BCFD09E4840940F56DFFDDE209EFC80809F0C808420FACE43C1CE7
:20C5800058096E1ACCE154FF6E0909F0C808580942F0A840D4FF54FFEEF909F0C8085809C0
:20C5A00042F0A84009F0CA0842F0A85009E0C80842F089E088087CE5D80189CFAC193C03F2
:20C5C000D801F4EF09C01C19580842F089C01C1909C0E418A2F089C0A418580689CFA618C1
:20C5E000BCDDCCD4BCFB580AAE1909FFCC083B8000406DFFC2CAA62FACF682020090D804EC
:20C6000009CFDA089680ACCDBCF440F46DFF94E3D801BCF440F46DFF2CEB82F20090404C3A
:20C6200009CFAC197CF38202009009C05A28DAFF7FF00580C21089C01A28C84282080924A4
:20C64000CC086DFF9ACA6F02050009FFC808EA18C8428B08005240C48204092604096DFFC5
:20C6600072FB402E7CE382F2009009ED8409768EBBF00FFC09D8CC083B10014026F86DFF74
:20C680007CCAA62889D88C083C0EC81409F0C808821449D5140A094FC808A20F370F7050F1
:20C6A0006DFF0CE3C84F48146DFF54CAC21209CF1019A22FCEF389C2101949C7040A40C425
:20C6C00040E540C61DFF76FB404FC8122D0200006D0094139110002754FF192030CEBBF0F9
:20C6E000FF9F12080B2880009BF9FF977F092B80422F82646DFF56DBBD021900A004F424EA
:20C7000091100048D94448BC89248809EC236C2191100047D94434CED445BC57095004099C
:20C7200052007F090580F425F4420090D45FBCF5481052007F090580F42FF452009040F5F2
:20C740003CF682646DFF2EDBBD02F17FA004F42491100048D94448BC89248809EC23892859
:20C76000040991100047D94434CED445BC564C515AF87FF90580F425F4420090D45FBCF5CB
:20C78000481F5AF87FF90580F42FF452009040F53CF6024F404F405C6D003013422F826400
:20C7A0006DFF00DBBD021900A004F424EC22892C8C096C2191100047D94434CED445BC5B82
:20C7C000BBF0FF0F095104099BF0FF0752117F100580F425F4420090D45FBCF548115211B2
:20C7E0007F100580F42FF452009040F53CF6BBF0FF8F911000F89BF8FF87D9FC14CE2008FB
:20C80000A00DA01E54CF80C0600FF4AF49CC080A6D00F412422F82646DFFC4DABD0224005A
:20C82000911000F8F42DD9FF48BCEC2291100047D4AFEC236C21D94434CED445BC570950A9
:20C84000040952007F080580F425F4423C0CD45FBCF5481052007F080580F42FF4523C0394
:20C8600040F53CF6FDE0D07F0090911000F7D9FF38CE54FFEE1691100027192F08BEEE06FE
:20C8800091100027192F24BE6E0CDA0174FF3BA00F4091100048D944A22CA0051DFF7BFFA5
:20C8A00000906DFF03EC911000F719FF08BEEE06911000F719FF24BE6E0A3BA00F4091104E
:20C8C0000048D944A22CA0051DFF65FF911000F759FF38CE0090911000F8D9FF686D01F43F
:20C8E00000F6081F1608AB04022F0090911000F8D9FF686D01F400F6081F1610AB041E2F13
:20C9000000907C5591100058D9554CBD7C4A91100048D944600E6D00A5123B00FF2F00902F
:20C9200091100027D9223CCED4268200406FBC687DF4048082103C04C83FBD0FFBFFDF0464
:20C940002780820191000077BBF0FF2FD9770810BB00003C0975C0083BF0FF439A15406F5C
:20C960000256370F70503A262A353C0A09FFD2087E56C2117F14F4FF82043C05C83FBD0FAB
:20C98000F7FF0254B475DF0414803C0D406F54513C0D7DF40B0009FFD2087E4754FF3E13FE
:20C9A0007612EE0382820090C83FBD0FF4FF545F744F89449208F60489468C09F4248202CD
:20C9C00000902008F4A4094FCA08405DBF8FA080404FC81C910000E7D9EE542149EF120A57
:20C9E000F80109E41209D4E46DFFC2CF022809C4C0086DFFC2C8022909C4C2086DFFBDC819
:20CA000091100057D9553CCED456A0044047406FBD06490009F0D2085F204180088F6E09B5
:20CA200009E2840909207008C21037006800FE0654FF768D6E1109A284095420DFF00D000B
:20CA400009D10809261F26107E093C066E0509A2840954207E03DA013C02DA006E1F09FF7F
:20CA60005008AE2DBC7B768B09A28409542F5EF74CD154703E0454F07E0240F709FFD40839
:20CA80007E9D481F6E0409E00E097E08BC4BC83289428C09E83640F63C0540F4C83FBD0F1F
:20CAA000BBFF7CF2407FBCF3DA013C0609A284094CD154203A0FF4566E293B800040D4A45D
:20CAC0006DFF40E2DF022380BCFBC862BD021F00D4A60294C87449E70E0A40F5DC02DF08F7
:20CAE0001680D80154F03B000E108F000FF13E1E09EFCC08D4A48B8F00F0370F50406DFFAF
:20CB000063E18234D4A46DFFE2CCD4A41DFF14E1BD041500544F6E12BD051100545F6E0E05
:20CB2000911000F799FF3CCEBCF954FF54407E03545F74FFC83FBD0FFAFF009082046DFF2A
:20CB400031D9402FBCF9820440F43B0002506DFF60D9DAFF2CFB40F200907C47911000484D
:20CB6000D944780E1D007E118945980989469C0900902008404F405C406D02487CFA911092
:20CB80000048D94424CE6D006D113B00FF2F00907CCA91100048D9443CCE6D0063113B00E8
:20CBA000FF2F00907CDA91100048D94418DE6D0059113B00FF2F0090088476446DFF85DD81
:20CBC0003C0440D46DFFA6CE7C2382C2009054F076068F000FF13B000E107E144924040AF9
:20CBE0003C064C213E0382C2009040F4F4A440F440C540D6028440271D0002002008404C96
:20CC0000405D89A684090248F4A77CCA91100048D94434DE6D0026113B00FF2F00907CDA85
:20CC200091100048D94414EE6D001C113B00FF2F0090D8017CFA91100048D94434EE6D0075
:20CC400011113B00FF2F009009A288097C2A91100048D94418FE6D0005113B00FF2F00903F
:20CC6000D4AF7CFA91100048D9443CFE6D00FA103B00FF2F009009CFD208EE07820440C5D9
:20CC80006DFF41FE022FEE4A09DFC8088B8F0000370070003FF013803B80004040D46DFFCA
:20CCA0000DDEDF0216003B2002403B8000503B0028606DFF32DE402E7CE382F2009009DFF2
:20CCC000C8086E0740E440D56DFF4BDF3C0240DECCE109C4D2086DFF50C7B4F202846DFF75
:20CCE0004CC7A812DA00ACF309E4C8086DFF45C7A8223B10016040E409A5880909A68409A4
:20CD0000D4A709C44B0809C54A086DFFAACD022F7DDE050040E46DFF0FE002F20090DFF40E
:20CD20000D00544FC21F744FCC4154FFC2FF74FF094488091DFF0EC500902010404C024FA1
:20CD4000A00FF4AF89AC8409BCC410CFB0FF3C02A00FF80240A46DFFE8BDBCC56E04D80109
:20CD6000DA0034FF009020087C5591000057D95508007C43820440A40E44DAFF7F4F1100CC
:20CD8000910000F7DA1D59FF0CE182F2910000F7D9FF0800DA00B4FFACF1ACF20090344423
:20CDA000DA00B45F8212AC51AC520090000600F000000000000700F001000000000800F081
:20CDC00002000000000900F003000000000A00F004000000000B00F005000000000C00F05B
:20CDE00006000000000D00F007000000000E00F008000000000F00F009000000000A2CF0F5
:20CE00000A000000000B2CF00B000000000C2CF00C000000000D2CF00D000000000E2CF042
:20CE20000E000000000F2CF00F00000000102CF01000000000112CF01100000000122CF002
:20CE40001200000000132CF01300000000142CF01400000000152CF01500000000162CF0C2
:20CE60001600000000172CF017000000588003F0648003F0708003F07C8003F0888003F0E3
:20CE8000948003F0A08003F0AC8003F0B88003F0C48003F0D08003F0DC8003F0E88703F003
:20CEA000F48703F0588A03F0648A03F0988C03F0A48C03F0F88D03F0048E03F0D88E03F0BE
:20CEC000E48E03F0B88F03F0C48F03F0548003F0608003F06C8003F0788003F0848003F012
:20CEE000908003F09C8003F0A88003F0B48003F0C08003F0CC8003F0D88003F0E48703F0C3
:20CF0000F08703F0548A03F0608A03F0948C03F0A08C03F0F48D03F0008E03F0D48E03F07D
:20CF2000E08E03F0B48F03F0C08F03F0508003F05C8003F0688003F0748003F0808003F0D1
:20CF40008C8003F0988003F0A48003F0B08003F0BC8003F0C88003F0D48003F0E08703F082
:20CF6000EC8703F0508A03F05C8A03F0908C03F09C8C03F0F08D03F0FC8D03F0D08E03F03E
:20CF8000DC8E03F0B08F03F0BC8F03F00002030400000000040000000000000000000000B7
:20CFA0000000000001010000000000000000EE050100000000000100000000000100000079
:20CFC00001000000010000000100000001000000000000000100000000000100010000004A
:20CFE000000002000100000000000300010000000000000001000000010000000000000028
:20D0000001000000000000000000000000010000010100000000000000000000000100000B
:20D020000102000000000000000000000001000001030000000000000000000000010000E7
:20D040000100000000000000000000000001000001010000000000000000000000010000CB
:20D060000102000000000000000000000001000001030000000000000000000000010000A7
:20D08000000000000000010000000000020000000000030000000000000000000000010089
:20D0A000000000000200000000000300000000000000000000D001F000AB03F00500000007
:20D0C0000000000000D001F000AC03F000000000B000000000D001F000AC03F001000000DF
:20D0E0000280000000D001F000AB03F00C0000000000000000D001F000AB03F00B000000D9
:20D100000000000000D001F000AB03F00A0000000000000000D001F000AB03F0090000003E
:20D120000000000000D001F000AB03F0080000000000000000D001F000AB03F00700000022
:20D140000000000000D001F000AB03F004000000B800000000D001F000AB03F0060000004F
:20D16000B000000000D001F000AB03F003000000B000000000D001F000AB03F0020000008C
:20D18000B000000000D001F000AB03F001000000B000000000D001F000AB03F00000000070
:20D1A000B000000000D001F000000000608124F002388700FFFFFFFF648124F066D000001D
:20D1C000FFFFFFFF688124F002380700FFFFFFFF6C8124F026980000FFFFFFFF248124F0A5
:20D1E000C9000000FFFFFFFF088124F001003630FFFFFFFF0C8124F00807690BFFFFFFFF4A
:20D20000288124F08E042101FFFFFFFF488124F0B6730835FFFFFFFF4C8124F0466C940239
:20D22000FFFFFFFF088124F002003630FFFFFFFF108124F03B033600FFFFFFFF148124F033
:20D240001008690BFFFFFFFF508124F00E710834FFFFFFFF548124F0446C9402FFFFFFFF7F
:20D26000188124F009003600FFFFFFFF1C8124F00808690BFFFFFFFF208124F0941C23000D
:20D28000FFFFFFFF588124F0B622081BFFFFFFFF5C8124F0466C9402FFFFFFFF2C8124F0B8
:20D2A00034040000FFFFFFFF308124F0825A0000FFFFFFFF348124F009090712FFFFFFFFAD
:20D2C00008000000ACD10080ACC5A737020000000CD20080ACC5A7370D00000024D20080C8
:20D2E000ACC5A73703000000C0D2008016000000F4D20080608124F002388700FFFFFFFFBC
:20D30000648124F066D00000FFFFFFFF688124F002380700FFFFFFFF6C8124F026980000E9
:20D32000FFFFFFFF248124F0C9000000FFFFFFFF0C8124F00807690BFFFFFFFF288124F096
:20D340008E042101FFFFFFFF488124F0B6730835FFFFFFFF4C8124F0466C9402FFFFFFFFB9
:20D36000088124F002003630FFFFFFFF108124F03B033600FFFFFFFF148124F01008690B62
:20D38000FFFFFFFF508124F00E710834FFFFFFFF548124F0446C9402FFFFFFFF188124F01D
:20D3A00009003600FFFFFFFF1C8124F00808690BFFFFFFFF208124F0941C2300FFFFFFFF7D
:20D3C000588124F0B622081BFFFFFFFF5C8124F0466C9402FFFFFFFF2C8124F0340400003B
:20D3E000FFFFFFFF308124F0825A0000FFFFFFFF348124F009090712FFFFFFFF010102039D
:20D400000405060608080A0A0C0C0C0F0000003F0000803F0000A03F0000C03F0000004084
:20D4200000002040002D31010100001D0500001F0101000017B751390300000094D40080A6
:20D4400013012307FF0FFF0F12021121BF0F3F3F011200000F3F000032000000FF0000004E
:20D46000000000003F000000000000003F000000000000003F000000000000003F000000B0
:12D4800088D4008090D40080050100003F07000000008E
:12D49400030017B7D138020017B7D138010017B7D138FB
:20D4A800001000F000000000001100F001000000001200F002000000001300F00300000058
:20D4C80041555249585F5443333837000D0A4C5749502020203A204D414320253032583A0C
:19D4E800253032583A253032583A253032583A253032583A2530325800E8
:20D504004C5749502020203A20495020202573004C5749502020203A204E4D202025730037
:13D524004C5749502020203A20475720202573000D0A0071
:0ED538004C494E4B2020203A20444F574E00C5
:05D5480066756C6C002B
:05D5500068616C66003B
:09D5580031304D003130304D003E
:06D56400313030304D00B3
:1BD56C004C494E4B2020203A20555020202025732025732D6475706C657800A8
:20D588000000000010000000D4000080100000000000000080000000E400008080000000AB
:20D5A800000202020202020202020301010101020202020202020202020202020202020228
:20D5C8000204404040404040404040404040404040202020202020202020204040404040FD
:20D5E8004040888888888888080808080808080808080808080808080808080840404040D3
:20D608004040909090909090101010101010101010101010101010101010101040404040E2
:20D628000200000000000000000000000000000000000000000000000000000000000000E0
:20D648000000000000000000000000000000000000000000000000000000000000000000C2
:20D668000000000000000000000000000000000000000000000000000000000000000000A2
:20D68800000000000000000000000000000000000000000000000000000000000000000082
:01D6A8000081
:0ED6AC006E6574696620213D204E554C4C0081
:06D6BC00FFFFFFFFFFFF6E
:06D6C40000000000000060
:1FD6CC00000000006970345F6672616728293A207062756620746F6F2073686F72740019
:20D6EC00303132333435363738393031323334353637383930313233343536373839303196
:20D70C00323334353637383930313233343536373839303132333435363738393031323371
:20D72C0034353637383930313233343536373839303132333435363738393031323334354D
:20D74C00363738393031323334353637383930313233343536373839303132333435363729
:20D76C00383930313233343536373839303132333435363738393031323334353637383905
:20D78C003031323334353637383930313233343536373839303132333435363738393031F5
:20D7AC003233343536373839303132333435363738393031323334353637383930313233D1
:20D7CC003435363738393031323334353637383930313233343536373839303132333435AD
:20D7EC00363738393031323334353637383930313233343536373839303132333435363789
:20D80C00383930313233343536373839303132333435363738393031323334353637383964
:20D82C00303132333435363738393031323334353637383930313233343536373839303154
:20D84C00323334353637383930313233343536373839303132333435363738393031323330
:20D86C0034353637383930313233343536373839303132333435363738393031323334350C
:20D88C003637383930313233343536373839303132333435363738393031323334353637E8
:20D8AC003839303132333435363738393031323334353637383930313233343536373839C4
:20D8CC003031323334353637383930313233343536373839303132333435363738393031B4
:20D8EC00323334353637383930313233343536373839303132333435363738393031323390
:20D90C0034353637383930313233343536373839303132333435363738393031323334356B
:20D92C00363738393031323334353637383930313233343536373839303132333435363747
:20D94C00383930313233343536373839303132333435363738393031323334353637383923
:20D96C00303132333435363738393031323334353637383930313233343536373839303113
:20D98C003233343536373839303132333435363738393031323334353637383930313233EF
:20D9AC003435363738393031323334353637383930313233343536373839303132333435CB
:20D9CC003637383930313233343536373839303132333435363738393031323334353637A7
:20D9EC00383930313233343536373839303132333435363738393031323334353637383983
:20DA0C00303132333435363738393031323334353637383930313233343536373839303172
:20DA2C0032333435363738393031323334353637383930313233343536373839303132334E
:20DA4C0034353637383930313233343536373839303132333435363738393031323334352A
:20DA6C00363738393031323334353637383930313233343536373839303132333435363706
:20DA8C003839303132333435363738393031323334353637383930313233343536373839E2
:20DAAC003031323334353637383930313233343536373839303132333435363738393031D2
:20DACC003233343536373839303132333435363738393031323334353637383930313233AE
:20DAEC0034353637383930313233343536373839303132333435363738393031323334358A
:20DB0C00363738393031323334353637383930313233343536373839303132333435363765
:20DB2C00383930313233343536373839303132333435363738393031323334353637383941
:20DB4C00303132333435363738393031323334353637383930313233343536373839303131
:20DB6C0032333435363738393031323334353637383930313233343536373839303132330D
:20DB8C003435363738393031323334353637383930313233343536373839303132333435E9
:20DBAC003637383930313233343536373839303132333435363738393031323334353637C5
:20DBCC003839303132333435363738393031323334353637383930313233343536373839A1
:20DBEC00303132333435363738393031323334353637383930313233343536373839303191
:20DC0C0032333435363738393031323334353637383930313233343536373839303132336C
:20DC2C00343536373839303132333435363738393031323334353637383930313233343548
:20DC4C00363738393031323334353637383930313233343536373839303132333435363724
:20DC6C00383930313233343536373839303132333435363738393031323334353637383900
:20DC8C003031323334353637383930313233343536373839303132333435363738393031F0
:20DCAC003233343536373839303132333435363738393031323334353637383930313233CC
:20DCCC003435363738393031323334353637383930313233343536373839303132333435A8
:20DCEC00363738393031323334353637383930313233343536373839303132333435363784
:20DD0C0038393031323334353637383930313233343536373839303132333435363738395F
:1DDD2C006D656D705F6D616C6C6F633A2074797065203C204D454D505F4D41580048
:1BDD4C006D656D705F667265653A2074797065203C204D454D505F4D41580000
:20DD680074DE008044DE008054DE008064DE008024DE0080F4DD008034DE008004DE0080EC
:0EDD880014DE0080504255465F504F4F4C0055
:1FDD98005544505F504342005443505F504342005443505F5043425F4C495354454E00EB
:12DDB8005443505F53454700524541535344415441009C
:0ADDCC00465241475F5042554600A1
:19DDD8005359535F54494D454F555400504255465F5245462F524F4D0027
:20DDF400CCDD008018000F00D814007090E20070E4DD008010004000C8D5007094E20070FD
:20DE14008CDD0080FC0520004416007098E20070C0DD008020000500CCD900709CE20070EB
:20DE3400D8DD00801000030070DA0070A0E20070A0DD00809C00050088DB0070A4E2007073
:20DE5400A8DD00801C000800A4DA0070A8E20070B8DD008014002C0098DE0070ACE2007064
:20DE740098DD0080200004000CE20070B0E20070CDCCCC3D0AD7233C17B7D13877CC2B32BC
:20DE94009595E6241FB14F0A6E657469665F7365745F75703A20696E76616C6964206E65D8
:1DDEB400746966006E657469665F6164643A20696E76616C6964206E6574696600F9
:20DED4006E657469665F7365745F6C696E6B5F75703A20696E76616C6964206E65746966A5
:01DEF400002D
:20DEF8006E657469665F7365745F6C696E6B5F646F776E3A20696E76616C6964206E65747D
:03DF180069660037
:20DF1C006E657469665F6164643A204E6F20696E69742066756E6374696F6E20676976650B
:02DF3C006E0075
:05DF40006C7769700020
:20DF480044D1008064D1008074D1008084D1008094D1008054D10080E4D0008004D10080C2
:20DF680014D1008024D1008034D10080F4D00080C4D00080D4D00080B4D00080696E63720E
:1ADF8800656D656E745F6D61676E6974756465203C3D20702D3E6C656E0076
:20DFA400286820213D204E554C4C2920262620287420213D204E554C4C29202870726F67A1
:15DFC40072616D6D65722076696F6C617465732041504929001A
:20DFDC00706275665F636F70793A20746172676574206E6F742062696720656E6F75676814
:1DDFFC0020746F20686F6C6420736F7572636500705F746F20213D204E554C4C0002
:20E01C00706275665F636F7079282920646F6573206E6F7420616C6C6F77207061636B652D
:0AE03C00742071756575657321008D
:1FE04800706275665F636F70795F7061727469616C3A20696E76616C6964206275660008
:20E06800706275665F636F70795F7061727469616C3A20696E76616C69642064617461701A
:03E08800747200AF
:20E08C00000020410000C84200401C4620BCBE4CCA1B0E5AAEC59D747463705F636C6F7359
:0FE0AC00653A20696E76616C696420706362006A
:19E0BC007463705F6162616E646F6E3A20696E76616C696420706362003C
:16E0D8007463705F62696E643A20696E76616C6964207063620059
:20E0F0007463705F62696E643A2063616E206F6E6C792062696E6420696E2073746174656A
:20E1100020434C4F534544007463705F6C697374656E5F776974685F6261636B6C6F675F34
:15E13000616E645F6572723A20696E76616C6964207063620069
:20E148007463705F6C697374656E5F776974685F6261636B6C6F675F616E645F6572723AC1
:17E168002070636220616C726561647920636F6E6E65637465640076
:20E180007463705F7265637665643A20696E76616C696420706362007463705F636F6E6E76
:11E1A0006563743A20696E76616C696420706362009C
:20E1B4007463705F636F6E6E6563743A20696E76616C696420697061646472007463705F40
:20E1D400636F6E6E6563743A2063616E206F6E6C7920636F6E6E6563742066726F6D207362
:20E1F4007461746520434C4F534544007463705F70726F636573735F726566757365645F32
:12E21400646174613A20696E76616C69642070636200C8
:1BE228007463705F726563765F6E756C6C3A20696E76616C69642070636200D5
:16E244007463705F706F6C6C3A20696E76616C69642070636200D1
:1BE25C007463705F7063625F70757267653A20696E76616C69642070636200B4
:0DE278000102030405060707070707070753
:17E28800D4E20070D0E20070C8E20070E4E2007003060C18306078B2
:20E2A000CEA9008010AB0080F8AB00801CAC0080B2AC0080F8AB0080F8AC008074AD0080FB
:20E2C0007463705F77726974653A20617267203D3D204E554C4C202870726F6772616D6D37
:11E2E00065722076696F6C61746573204150492900AC
:17E2F4007463705F77726974653A20696E76616C69642070636200AC
:20E30C00FA000000A8A00080E8030000FA6F0080E8030000666100807564705F73656E64D7
:20E32C00746F3A20696E76616C696420706362007564705F73656E64746F3A20696E76611B
:09E34C006C6964207062756600C2
:1BE358007564705F73656E64746F3A20696E76616C6964206473745F69700091
:1FE374007564705F73656E64746F5F69665F7372633A20696E76616C69642070636200EA
:20E394007564705F73656E64746F5F69665F7372633A20696E76616C696420706275660051
:20E3B4007564705F73656E64746F5F69665F7372633A20696E76616C6964206473745F69CB
:02E3D4007000D7
:20E3D8007564705F73656E64746F5F69665F7372633A20696E76616C6964207372635F69AA
:02E3F8007000B3
:20E3FC007564705F73656E64746F5F69665F7372633A20696E76616C6964206E6574696680
:01E41C0000FF
:16E420007564705F62696E643A20696E76616C696420706362000B
:16E438007564705F726563763A20696E76616C69642070636200E0
:20E45000913000FFD9FF0C9654FF370F6EF18FFF83819130002F192F28A6370F6EF18FFFAF
:20E47000839154FF2E1C8F2800F0960154F0370070088F000100A60F592F0C968F28002064
:20E49000D9220C968F2240F154F0370070088F000100A6F0742054208200B7008110CDC174
:20E4B00020090D00C0040D00C004B7008100CD0004090D00C0040D00C00491000048D944D7
:20E4D00000408040CD40E20F0D00C00491000348D944000E8040CD00E20F0D00C004913046
:20E4F0000047D94480C78040CD80E20F0D00C00454FF2E1A8F1240F154F0370070088F00A3
:20E510000100A60F742F8F3240F154F0370070088F000100A60F742F542F913000FFD9FFAA
:20E530000C9640F402846DFF79AB02946DFFB3AB6DFF51A96DFF4FA902946DFF2DAC40F4A6
:20E5500002846DFFEBAB911000F8D9FF70EEDC0F3C00009091000010D91100009100000081
:20E57000D900000091000080D988000091000090D99900003B0098F0CD4FE00F0D00C0040E
:20E59000913000FF19F010167BD038F1260FEE1A8FB01FF16E0C19F018160F0FB0F18BFF82
:20E5B00001F1061F570062FF5E2D3C0AEF400980911088FF19FF000D370FE2F06E03DA0142
:1EE5D0003C02DA00EE07911000F8D9FF707EDC0F0090911000F8D9FF548EDC0F009078
:20E5F000910000F8D9FF68A32D0F2000910000F8D9FF4EE32D0F2000911000F8D9FF48AEEE
:20E61000DC0F0090913000F791400027D9FFC00780F0D922C00B802FA20FA00206AF8200B1
:20E630007BF0001092D26E1D60F4B0F480F3370370F38F431F302613A6F3F606CD83E30F27
:20E650000D00C0043C0274235F200680CDC3E30F0D00C004C21040F249FF001AFD40E87FA2
:20E67000DA00742F0D0080040D00C004911000F8D9FF44DEDC0F0090913000F791400027ED
:20E69000D9FFC00780F0D922C00B802FA20FA00206AF82007BF0001092D26E1D60F4B0F4FA
:20E6B00080F3370370F38F431F302613A6F3F606CD83E30F0D00C0043C0274235F2006805E
:20E6D000CDC3E30F0D00C004C21040F249FF001AFD40E87FDA00742F0D0080040D00C004EE
:20E6F000911000F8D9FF7CBEDC0F00909130004F194F0C96370F6EF18FFF8341194F28A69D
:20E71000370F6EF18FFF83F1D9440C966DFFBCAB02F46DFFD1AB91100048D944640D6DFFEF
:20E73000F6A1DF12038000A0911000F8D9FF44DEDC0F0090913000FF19FF0C96370F6EF1F1
:20E750008FFF83F119F028A602F4D9FF0C9640F437006E018FF083816DFF60AA02846DFF9B
:20E770009AAA6DFFD7AA02846DFF16AB40F402F46DFFD4AA911000F8D9FF50EEDC0F009067
:1EE790009120884F910003FAD9FF004080F46DFFB6AB911000F8D9FF501EDC0F0090A2
:20E7B00020100D0000036DFF69A602246DFFF4A56DFF74A602246DFF26A6911000F7D9FF0F
:20E7D00000DE40F46DFFC693821440F46DFFDE933BF000409140004F3B000850D94480CA26
:20E7F0006DFFAE9F7B0000F8914000FF59FF84CA8204913000CF6DFF7AA039CF3006160F68
:20E810004B0F41F14BF251F03B803E804B0F31F14B8F010253A025F00BF000486DFF4F8E78
:20E83000BB0000F859FF84CA82046DFF60A039CF3006160F4B0F41F14BF251F04B0F31F194
:20E850004B8F010253A020F00BF000486DFF378E49A4040A6DFF14A7DA63ACA6DA002CA5F8
:20E870003B90D003C5F40001066089A008092CAE49A5040A6DFF5CA69120004FD944000D22
:20E890006DFF9594DADE911000F837F4084019F0644FDAAD74A03BE00B00911000F837F4CE
:20E8B000084491100028DAFE19F65C4F37F508501927604F37040848DAEF3BD00E0037F496
:20E8D000084C370508546D008F0391100048D944C86EA0056DFF0CC46DFF2AF1402FBD0F5E
:20E8F000130091100058D9554CBD3BA0384140F46DFF01F091100058D9558C5EA00640F4F5
:20E910006DFF25F16DFF14F1402FBD0F130091100058D9554CBD3BB0384140F46DFFEBEF98
:1AE9300091100058D955FC6EA00640F46DFF0FF16D0050046D00F4023CFC9A
:20E94C0049AA38BA405C406F407D89A40049BD0FED0009FFC808911000E78BFF23F3D9EEC8
:20E96C006E5E02F440F4820540E56DFFA1D110E2DA0040F4342F6DFFD9D109E00008DA6661
:20E98C005F0F4F8009E10108DA635F1F4A80DA017826DA0478273B0000F1782849AF182ABA
:20E9AC00F4AF49AF1C2AF80149AF202AF80249E4020A91100058D9553CCF6DFFF7D2DF3284
:20E9CC00B5805828912000FF40F2D9FFF04DD922301DEE0914FFB70F81F334FFDA00742F43
:20E9EC001D00A4009120004F394FF14D09A01829370F04F0E94FF14D1940F04D582737F0AE
:20EA0C0004F7594FF04D14FF968034FF5828B70F10F88F0F01F09642742F1D008700DA7761
:20EA2C005F0F2A8009E10108DA725F1F2680DA007826782749AF182AF4AF49AF1C2AF80124
:20EA4C0049E4020A91100058D95508DF6DFFAED2DF226C8058263B0000027F0F6780B70F94
:20EA6C0002F0BB00000D9B10000F420F60FF582774FF3C5BDA725F0F298009E10108DA6449
:20EA8C005F1F2480DA00782649AF182AF4AF49E4020A91100058D95510DF6DFF87D2DF12EE
:20EAAC00458058263B0000027F0F4080911000F7B70F02F0BB00000D9B10000F420F60F207
:20EACC00542F59FF2ADE3C31DA7A5F0F2F80910000F7DA0059FF2C00910000F759FF28007B
:20EAEC00910000F759FF3400910000F759FF3000910000F759FF3C00910000F759FF3800B2
:20EB0C00911000F759FF1CDE911000F759FF20DE910000F759FF2400910000F759FF1C0011
:20EB2C00910000F759FF20004DC0E1FF8F7F0041913000FFD9FF0C1614FF160F6E0414FF16
:20EB4C00160F3C02DA017829911000F719FF2ADE7831911000F719FF5CAE7830910000F77F
:20EB6C0019FF1C00783F910000F719FF1400783E910000F719FF1800783D910000F719FF27
:20EB8C002000783C9120002F192F40ED783B192F54ED783A192F54FD7839192FF44D7838CF
:20EBAC00192F205E7837910000F719FF2C007836910000F719FF28007835910000F719FF45
:20EBCC0034007834910000F719FF30007833910000F719FF3C007832910000F719FF380070
:20EBEC00782F911000F719FF10DE782E911000F719FF14DE782D192F383D782C911000F7DE
:20EC0C0019FF18DE782B192F245E782A911000F719F81CDE911000F719F920DE910000F7F8
:20EC2C0019FA2400192B70DD6DFF099E4B0271C182046DFF5E9E913000FF39FF3006160F2D
:20EC4C004B0F41014B0251F04B0F71D16DFF319F4B0271E16DFF2D9F5829912000FF4B0F44
:20EC6C0061F14BF251F04B0F710119F1040E19F2084E19F3044E19F4F04D19F5F84D19F665
:20EC8C00C04D583174AF911000F75830780119FF0CDE911000F7780219FF08DE78039110E8
:20ECAC0000E7583F7804D9EE2EDE583E780591100058583D7806D95514DF583C780740E404
:20ECCC00583B7808583A78095839780A5838780B5837780C5836780D5835780E5834780F90
:20ECEC005833781058327811582F7812582E7813582D7814582C7815582B7816582A78177C
:20ED0C0089A8201989A9241989AA281989AB2C1989AC301989AD341989AE381989A03C191A
:20ED2C0089A1002989A2042989A3082989A40C293B00204089A5102989A614296DFF1ED194
:20ED4C00022FBF1F1C003B600340370F70503B0028606DFFDCCD402FBD0F1100C81440E573
:20ED6C0002F46DFF97C740C440F540D609A400496DFFFBEE40F41DFFD9CF0090202002481B
:20ED8C0009AA60090269580A027C40646DFF03BE74A889A2840989A9080989AA4C0989AC5B
:1AEDAC001409780691100048D94420BF1D005400BC6440641DFFBACF009063
:20EDC8000D00000285FF30013B50C3000650420FA5FF3001911000F719FF5CAEC21F59FFAA
:1AEDE8005CAE6D005D000D00400200801DFF2EA9911000F719F25CAE00903E
:20EE040091400049D94400001DFFB190914000F9D9FF000082F440F46DFFAC90DF02FC7F0A
:02EE240000905C
:20EE2800911000F719FF0CDEBB000488912000CFC21F59FF0CDE59C8205E0080911000F78F
:20EE480019FF08DEBB100088912000CFC21F59FF08DE59C8205E008049AA38BA404549A642
:20EE6800084A40A43B0010406DFF65EF820414AF40AF6E07C21409FF010437045040EEFBC5
:1AEE880040A46DFF9CA891100048D944744D82246DFF95A83B50FF2F00907D
:20EEA400911000F7D9FF786E49F2041A09F5C41809FFFC083B803E0049F43E0AC21F09F160
:20EEC400FE08370F703049F5001A09F2C01849F6021A09F4C21849FF3C0A3F03058082030B
:20EEE4008F254051C21137017000DAFA3FF0058082008F454051C212370270103B401FF0C8
:20EF04003FF1058082018F854051C21437047020DA643FF2058082028F054151B462B451B6
:20EF2400B440B4F3B4250090200885F01001911000C7D9CC24DE54CF6E16A2F0911000F73B
:20EF4400D9FF10DE54FF7F0F038074F03B50C3F0065F7F0F0980911000F719FF14DEC21FE2
:20EF640059FF14DE3B000480911000D7D9DD408E49DE241AD4EF08FF2E79911000F719FF02
:20EF840020DEC21F59FF20DE3C1C85F91001911000F7D9FF786EF4AFD4A46DFFBAC7028F62
:20EFA400C2F88EF5D4EF08FF6F7FF87F85F01001911000F719FF1CDEA290420F59FF1CDEDC
:20EFC400912000FFD9FF205E54FF2E7E91100027192F18DEC21F592F18DEDA8074FF820470
:0EEFE40040D46DFF589B85FF100174CF009044
:20EFF40020200B45108889A6180989A71C096DFFABA76DFF2EBB911000C7D9CC786E89C9D8
:20F01400B80889C83409DA0074AF910000F8D9FFD6B7F801910000F8D9FF1686F80249A5C5
:20F03400180A49A61C0A49A7200A40C46DFF9BCA40C46DFFB9CB40C46DFF07CC370868F0C8
:20F0540074AF370868F47801370868F87802370868FC7803370968F07804370968F4780501
:20F0740091100048D944543D6DFFF2FE49A4180A6DFF8DBCF4A291100048D944444D6DFF2C
:20F09400E7FE49A41C0A6DFF82BCF4A291100048D944544D6DFFDCFE49A4200A6DFF77BC81
:20F0B400F4A291100048D944644D6DFFD1FE911000F8D9FF483DECC891100047D944706E27
:20F0D40091000058D95562F31DFFCACA912000FFD9FF008D14FF6F0FFFFF9120002FBB00C1
:20F0F40000F8D922048D742F9120004FDA05D944008D744F14FF6F0FFFFFDA0D744F14F04C
:20F114006F00FFFF54206FF0FBFF3B80D0F0742F82519BF10110744114FF6F0FFFFFDA0DE8
:20F134009B1F01F0744F14FF6F0FFFFF542F8F0F50F1742FDA059B1F01F0744F14F06F00F9
:20F15400FFFF82007420744114F06F00FFFF3B40D0007420744114F06F00FFFFBB00170882
:20F17400742082509B000100744014F06F00FFFF82007420744F14FF6F0FFFFF020F742F38
:20F19400744114FF6F0FFFFFDA0D9B4F00F0744F14FF6F0FFFFF542FB73F02F5742FDA0512
:20F1B4009B4F00F0744F14FF6F0FFFFF3B0020F1742FDA05744F14FF6F0FFFFFDA01911073
:0AF1D40000F702F259FF04DE00907C
:20F1E00020084DC0E2FF370FE1F78B0F20920D0040030000911000C7D9CC786E09C8C4189F
:20F20000820089C084186F28070009CF6D082E236DFFBFD26F38070009CF6D082E236DFF96
:20F220003BD56F18070009CF6D082E236DFF9DB76F4854009120002F1920383D9110002771
:20F24000D92228DE370068F81421370FE1218B0220225F1243003422F62940C46DFFB3CAB4
:20F2600091100048D944784D3C3609C29C09D42F2E09081F96202CF1911000F8D9FF485D97
:20F280003C09081FB70F81F22CF1911000F8D9FF505D3700E2F8D424EE078204911000D891
:20F2A000D9DD585D3C0D5E178214911000D8D9DD5C5D3C068224911000D8D9DD645D6DFF63
:20F2C000A78F40C46DFFA0CAF4ADF80191100048D9446C5D6DFFC6FD76930D0000030090DD
:20F2E0004950455246207265706F72743A20747970653D25642C2072656D6F74653A2025A3
:20F30000733A25642C20746F74616C2062797465733A20256C6C752C206475726174696FF0
:19F320006E20696E206D733A2025752C206B626974732F733A202575007C
:09F33C00257520257520257500BA
:20F34800256C7820256C7800256C7800726476616C3D30782530386C78207469636B3D25CE
:20F368006C752069737252783D256C752069737254783D256C752072785F6F6B3D256C7526
:20F388002072785F6572723D256C752072785F6E6F6275663D256C752074783D256C75203B
:20F3A80068775F727867623D256C752068775F6372633D256C752068775F6669666F5F6F68
:20F3C80076663D256C752068775F6D69737365643D256C7520646D615F6368305F7374618D
:20F3E8007475733D30782530386C7820636F70795F743D256C7520636F70795F6E3D256CEC
:20F408007520696E7075745F743D256C7520696E7075745F6E3D256C752074785F743D2568
:20F428006C752074785F6E3D256C75206761705F6D61783D256C7520676170316D733D25BC
:20F448006C75207068795F63733D30782530386C78207262753D256C7520646D615F6D6994
:20F4680073733D256C7520627573795F743D256C752069646C655F703D256C7520616C6C39
:20F488006F635F743D256C7520747870617573653D256C7520666370753D256C7520667305
:20F4A800746D3D256C7520667372693D256C752066676574683D256C7520737973627573CF
:20F4C8003D30782530386C7820727863746C3D30782530386C7820747863746C3D307825D2
:20F4E80030386C78207278716F703D30782530386C78207278716462673D30782530386C82
:11F5080078207478716F703D30782530386C780A00BE
:20F51C00C0A80064FFFFFF00C0A8000100000000000000000000000000000000000000009D
:20F53C000000000000000000000000000000000000000000000000000000000000000000AF
:20F55C0000000000000000006E19000000C000C001000000000000702CF500800600000070
:20F57C00010000000800007032F5008006000000010000001000007028F500800400000027
:20F59C00010000001400007038F500803200000001000000480000706AF500800200000051
:20F5BC00020000004C00007000000000451400000200000094140070000000001A000000E4
:20F5DC0002000000B0140070000000001200000002000000C4140070000000007F010000FD
:20F5FC0002000000441600700000000083BF000002000000C8D500700000000003040000CB
:20F61C0002000000CCD9007000000000A30000000200000070DA0070000000003300000025
:20F63C0002000000A4DA007000000000E30000000200000088DB0070000000000F030000F4
:20F65C000200000098DE00700000000073030000020000000CE2007000000000830000004D
:20F67C000200000090E20070000000003100000002000000C4E20070000000000100000040
:20F69C0002000000C8E20070000000000500000002000000D0E20070000000000D000000FC
:20F6BC0002000000E0E20070000000000100000002000000E4E200700000000009000000B8
:20F6DC0002000000F0E2007000000000160000000200000008E30070000000000500000052
:20F6FC000200000010E30070000000000A000000020000001CE30070000000000600000008
:20F71C000200000024E300700000000006000000020000002CE300700000000002000000CB
:20F73C000200000030E3007000000000100000000100000040E30070F40000800C00000004
:20F75C00010000004CE300704CF800801C0000000100000068E300702700008001000000A9
:20F77C00020000006AE30070000000004402000002000000B0E5007000000000F050010020
:20F79C00010000000000049068F800800400000002000000400004900000000000D201002B
:10F7BC00000000000000000000000000000000003D
:20F84C0000000000000000000000000000000000000000000000000000000000000000009C
:02000004802F4B
:0AE3A000910000E8D9EEC2D3DC0EB4
:0AEC6000911000E8D9EEC87EDC0E2A
:0AEC8000911000E8D9EEC49EDC0EEE
:0AECA000911000E8D9EEE88EDC0EBA
:0200000480304A
:20000000910000F8D9FF28410D00000202F4DC0F0000000000000000000000000000000026
:20002000910000F8D9FF36310D00000202F4DC0F0000000000000000000000000000000008
:20004000910000F8D9FF04310D00000202F4DC0F000000000000000000000000000000001A
:20006000910000F8D9FF162102F4DC0F000000000000000000000000000000000000000007
:20008000910000F8D9FF24110D00000202F4DC0F00000000000000000000000000000000DA
:2000A000910000F8D9FF32010D00000202F4DC0F00000000000000000000000000000000BC
:2000C000910000F8D9FF0A610D00000202F4DC0F0000000000000000000000000000000064
:2000E000910000F8D9FF1A510D00000202F4DC0F00900000000000000000000000000000B4
:200118002008C5FC100154C8913000FFD9FF189654FF370F6EF18FFF83013B0098F0CD4F82
:20013800E00F0D00C00454FF2E1E8F2000F09130002F960154F1370170188F010110A61FB7
:20015800592F18968F2000209130002FD92218968F2240F154F0370070088F000100A6F0EE
:20017800742054208200B7008110CDC120090D00C0040D00C004B7008100CD0004090D001D
:20019800C0040D00C00491000348D94400008040CD40E20F0D00C00491000648D944000E20
:2001B8008040CD00E20F0D00C00491400046D94480C98040CD80E20F0D00C00454FF2E1AF1
:2001D8008F1240F154F0370070088F000100A60F742F8F3240F154F0370070088F000100E5
:2001F800A60F742F542F91000000D900000091000010D911000091000080D9880000910014
:200218000090D9990000A00F91400026D922C00991400046D944C00B804F8020A20F06AF86
:2002380082007BF0001092D26E1D60F4B0F48023370370F38F431F302613A6F3F606CD8343
:20025800E30F0D00C0043C0274F35F200680CDC3E30F0D00C004C210402F4922001AFD40C3
:20027800E87FDA0074FF0D0080040D00C0046DE8CF1DBB7071FB9B1F8DF34BF241F04B0F76
:20029800710154CFA28F3F0FFEFF9140884F910006FAD9FF004080F46DE82D1E910000F04F
:2002B800D9FF000080FF74AF54AF6E076DE88F1A6DE82C1D6DE88B1A910003F8D9FF20B06A
:0602D800DC0F3C00009069
:2002E0000D0000036DE8D21802246DE85D18911000F7D9FF00DE40F46DE83406821440F4E4
:060300006DE84C063C0014
:0200000480601A
:20000000910000F8D9FF28410D00000202F4DC0F0000000000000000000000000000000026
:20002000910000F8D9FF36310D00000202F4DC0F0000000000000000000000000000000008
:20004000910000F8D9FF04310D00000202F4DC0F000000000000000000000000000000001A
:20006000910000F8D9FF162102F4DC0F000000000000000000000000000000000000000007
:20008000910000F8D9FF24110D00000202F4DC0F00000000000000000000000000000000DA
:2000A000910000F8D9FF32010D00000202F4DC0F00000000000000000000000000000000BC
:2000C000910000F8D9FF0A610D00000202F4DC0F0000000000000000000000000000000064
:2000E000910000F8D9FF1A510D00000202F4DC0F00900000000000000000000000000000B4
:200118002008C5FC100154C8913000FFD9FF249654FF370F6EF18FFF83013B0098F0CD4F76
:20013800E00F0D00C00454FF2E1E8F2000F09130002F960154F1370170188F010110A61FB7
:20015800592F24968F2000209130002FD92224968F2240F154F0370070088F000100A6F0D6
:20017800742054208200B7008110CDC120090D00C0040D00C004B7008100CD0004090D001D
:20019800C0040D00C00491000648D94400008040CD40E20F0D00C00491000948D944000E1A
:2001B8008040CD00E20F0D00C00491100045D94480C58040CD80E20F0D00C00454FF2E1A26
:2001D8008F1240F154F0370070088F000100A60F742F8F3240F154F0370070088F000100E5
:2001F800A60F742F542F91000000D900000091000010D911000091000080D9880000910014
:200218000090D9990000A00F91100025D922C00591100045D944C007804F8020A20F06AFF0
:2002380082007BF0001092D26E1D60F4B0F48023370370F38F431F302613A6F3F606CD8343
:20025800E30F0D00C0043C0274F35F200680CDC3E30F0D00C004C210402F4922001AFD40C3
:20027800E87FDA0074FF0D0080040D00C0046DD0CF1DBB7071FB9B1F8DF34BF241F04B0F8E
:20029800710154CFA28F3F0FFEFF9160884F910009FAD9FF004080F46DD02D1E910000F044
:2002B800D9FF000080FF74AF54AF6E076DD08F1A6DD02C1D6DD08B1A910003F8D9FF20B0B2
:0602D800DC0F3C00009069
:020000048090EA
:20000000910000F8D9FF28410D00000202F4DC0F0000000000000000000000000000000026
:20002000910000F8D9FF36310D00000202F4DC0F0000000000000000000000000000000008
:20004000910000F8D9FF04310D00000202F4DC0F000000000000000000000000000000001A
:20006000910000F8D9FF162102F4DC0F000000000000000000000000000000000000000007
:20008000910000F8D9FF24110D00000202F4DC0F00000000000000000000000000000000DA
:2000A000910000F8D9FF32010D00000202F4DC0F00000000000000000000000000000000BC
:2000C000910000F8D9FF0A610D00000202F4DC0F0000000000000000000000000000000064
:2000E000910000F8D9FF1A510D00000202F4DC0F00900000000000000000000000000000B4
:200118002008C5FC100154C8913000FFD9FF309654FF370F6EF18FFF83013B0098F0CD4F6A
:20013800E00F0D00C00454FF2E1E8F2000F09130002F960154F1370170188F010110A61FB7
:20015800592F30968F2000209130002FD92230968F2240F154F0370070088F000100A6F0BE
:20017800742054208200B7008110CDC120090D00C0040D00C004B7008100CD0004090D001D
:20019800C0040D00C00491000948D94400008040CD40E20F0D00C00491000A48D944000E16
:2001B8008040CD00E20F0D00C00491100044D94480C58040CD80E20F0D00C00454FF2E1A27
:2001D8008F1240F154F0370070088F000100A60F742F8F3240F154F0370070088F000100E5
:2001F800A60F742F542F91000000D900000091000010D911000091000080D9880000910014
:200218000090D9990000A00F91100024D922C00591100044D944C007804F8020A20F06AFF2
:2002380082007BF0001092D26E1D60F4B0F48023370370F38F431F302613A6F3F606CD8343
:20025800E30F0D00C0043C0274F35F200680CDC3E30F0D00C004C210402F4922001AFD40C3
:20027800E87FDA0074FF0D0080040D00C0046DB8CF1DBB7071FB9B1F8DF34BF241F04B0FA6
:20029800710154CFA28F3F0FFEFF910000F0D9FF000080FF74AF54AF6E076DB8981A6DB8C6
:1402B800351D6DB8941A910003F8D9FF20B0DC0F3C00009022
:02000004A0005A
:20000000913000A7D9AA80860D008004911000F8D9FF645EDC0F00900000000000000000B0
:02000004A0302A
:18010000914000A6D9AA40890D008004910003F8D9FF1840DC0F00905C
:02000004A060FA
:18010000911000A5D9AA40850D008004910006F8D9FF1840DC0F00908E
:02000004A090CA
:18010000911000A4D9AA40850D008004910009F8D9FF1840DC0F00908C
:02000004AF400B
:200000003F0059B3000000A01B940CE5E46BF31A00000000000000000000000000000000F9
:200020000000000000000000000000000000000000000000000000000000000000000000C0
:200040000000000000000000000000000000000000000000000000000000000000000000A0
:20006000000000000000000000000000000000000000000000000000000000000000000080
:20008000000000000000000000000000000000000000000000000000000000000000000060
:2000A000000000000000000000000000000000000000000000000000000000000000000040
:2000C000000000000000000000000000000000000000000000000000000000000000000020
:2000E000000000000000000000000000000000000000000000000000000000000000000000
:200100000000000000000000000000000000000000000000000000000000000000000000DF
:200120000000000000000000000000000000000000000000000000000000000000000000BF
:2001400000000000000000000000000000000000000000000000000000000000000000009F
:2001600000000000000000000000000000000000000000000000000000000000000000007F
:2001800000000000000000000000000000000000000000000000000000000000000000005F
:2001A00000000000000000000000000000000000000000000000000000000000000000003F
:2001C00000000000000000000000000000000000000000000000000000000000000000001F
:1401E000000000000000000000000000000000003412214361
:200200003F0059B3000000A01B940CE5E46BF31A00000000000000000000000000000000F7
:200220000000000000000000000000000000000000000000000000000000000000000000BE
:2002400000000000000000000000000000000000000000000000000000000000000000009E
:2002600000000000000000000000000000000000000000000000000000000000000000007E
:2002800000000000000000000000000000000000000000000000000000000000000000005E
:2002A00000000000000000000000000000000000000000000000000000000000000000003E
:2002C00000000000000000000000000000000000000000000000000000000000000000001E
:2002E0000000000000000000000000000000000000000000000000000000000000000000FE
:200300000000000000000000000000000000000000000000000000000000000000000000DD
:200320000000000000000000000000000000000000000000000000000000000000000000BD
:2003400000000000000000000000000000000000000000000000000000000000000000009D
:2003600000000000000000000000000000000000000000000000000000000000000000007D
:2003800000000000000000000000000000000000000000000000000000000000000000005D
:2003A00000000000000000000000000000000000000000000000000000000000000000003D
:2003C00000000000000000000000000000000000000000000000000000000000000000001D
:1403E00000000000000000000000000000000000341221435F
:200400003F0059B3000000A01B940CE5E46BF31A00000000000000000000000000000000F5
:200420000000000000000000000000000000000000000000000000000000000000000000BC
:2004400000000000000000000000000000000000000000000000000000000000000000009C
:2004600000000000000000000000000000000000000000000000000000000000000000007C
:2004800000000000000000000000000000000000000000000000000000000000000000005C
:2004A00000000000000000000000000000000000000000000000000000000000000000003C
:2004C00000000000000000000000000000000000000000000000000000000000000000001C
:2004E0000000000000000000000000000000000000000000000000000000000000000000FC
:200500000000000000000000000000000000000000000000000000000000000000000000DB
:200520000000000000000000000000000000000000000000000000000000000000000000BB
:2005400000000000000000000000000000000000000000000000000000000000000000009B
:2005600000000000000000000000000000000000000000000000000000000000000000007B
:2005800000000000000000000000000000000000000000000000000000000000000000005B
:2005A00000000000000000000000000000000000000000000000000000000000000000003B
:2005C00000000000000000000000000000000000000000000000000000000000000000001B
:1405E00000000000000000000000000000000000341221435D
:200600003F0059B3000000A01B940CE5E46BF31A00000000000000000000000000000000F3
:200620000000000000000000000000000000000000000000000000000000000000000000BA
:2006400000000000000000000000000000000000000000000000000000000000000000009A
:2006600000000000000000000000000000000000000000000000000000000000000000007A
:2006800000000000000000000000000000000000000000000000000000000000000000005A
:2006A00000000000000000000000000000000000000000000000000000000000000000003A
:2006C00000000000000000000000000000000000000000000000000000000000000000001A
:2006E0000000000000000000000000000000000000000000000000000000000000000000FA
:200700000000000000000000000000000000000000000000000000000000000000000000D9
:200720000000000000000000000000000000000000000000000000000000000000000000B9
:20074000000000000000000000000000000000000000000000000000000000000000000099
:20076000000000000000000000000000000000000000000000000000000000000000000079
:20078000000000000000000000000000000000000000000000000000000000000000000059
:2007A000000000000000000000000000000000000000000000000000000000000000000039
:2007C000000000000000000000000000000000000000000000000000000000000000000019
:1407E00000000000000000000000000000000000341221435B
:201000003F0059B3000000A01B940CE5E46BF31A00000000000000000000000000000000E9
:201020000000000000000000000000000000000000000000000000000000000000000000B0
:20104000000000000000000000000000000000000000000000000000000000000000000090
:20106000000000000000000000000000000000000000000000000000000000000000000070
:20108000000000000000000000000000000000000000000000000000000000000000000050
:2010A000000000000000000000000000000000000000000000000000000000000000000030
:2010C000000000000000000000000000000000000000000000000000000000000000000010
:2010E0000000000000000000000000000000000000000000000000000000000000000000F0
:201100000000000000000000000000000000000000000000000000000000000000000000CF
:201120000000000000000000000000000000000000000000000000000000000000000000AF
:2011400000000000000000000000000000000000000000000000000000000000000000008F
:2011600000000000000000000000000000000000000000000000000000000000000000006F
:2011800000000000000000000000000000000000000000000000000000000000000000004F
:2011A00000000000000000000000000000000000000000000000000000000000000000002F
:2011C00000000000000000000000000000000000000000000000000000000000000000000F
:1411E000000000000000000000000000000000003412214351
:201200003F0059B3000000A01B940CE5E46BF31A00000000000000000000000000000000E7
:201220000000000000000000000000000000000000000000000000000000000000000000AE
:2012400000000000000000000000000000000000000000000000000000000000000000008E
:2012600000000000000000000000000000000000000000000000000000000000000000006E
:2012800000000000000000000000000000000000000000000000000000000000000000004E
:2012A00000000000000000000000000000000000000000000000000000000000000000002E
:2012C00000000000000000000000000000000000000000000000000000000000000000000E
:2012E0000000000000000000000000000000000000000000000000000000000000000000EE
:201300000000000000000000000000000000000000000000000000000000000000000000CD
:201320000000000000000000000000000000000000000000000000000000000000000000AD
:2013400000000000000000000000000000000000000000000000000000000000000000008D
:2013600000000000000000000000000000000000000000000000000000000000000000006D
:2013800000000000000000000000000000000000000000000000000000000000000000004D
:2013A00000000000000000000000000000000000000000000000000000000000000000002D
:2013C00000000000000000000000000000000000000000000000000000000000000000000D
:1413E00000000000000000000000000000000000341221434F
:201400003F0059B3000000A01B940CE5E46BF31A00000000000000000000000000000000E5
:201420000000000000000000000000000000000000000000000000000000000000000000AC
:2014400000000000000000000000000000000000000000000000000000000000000000008C
:2014600000000000000000000000000000000000000000000000000000000000000000006C
:2014800000000000000000000000000000000000000000000000000000000000000000004C
:2014A00000000000000000000000000000000000000000000000000000000000000000002C
:2014C00000000000000000000000000000000000000000000000000000000000000000000C
:2014E0000000000000000000000000000000000000000000000000000000000000000000EC
:201500000000000000000000000000000000000000000000000000000000000000000000CB
:201520000000000000000000000000000000000000000000000000000000000000000000AB
:2015400000000000000000000000000000000000000000000000000000000000000000008B
:2015600000000000000000000000000000000000000000000000000000000000000000006B
:2015800000000000000000000000000000000000000000000000000000000000000000004B
:2015A00000000000000000000000000000000000000000000000000000000000000000002B
:2015C00000000000000000000000000000000000000000000000000000000000000000000B
:1415E00000000000000000000000000000000000341221434D
:201600003F0059B3000000A01B940CE5E46BF31A00000000000000000000000000000000E3
:201620000000000000000000000000000000000000000000000000000000000000000000AA
:2016400000000000000000000000000000000000000000000000000000000000000000008A
:2016600000000000000000000000000000000000000000000000000000000000000000006A
:2016800000000000000000000000000000000000000000000000000000000000000000004A
:2016A00000000000000000000000000000000000000000000000000000000000000000002A
:2016C00000000000000000000000000000000000000000000000000000000000000000000A
:2016E0000000000000000000000000000000000000000000000000000000000000000000EA
:201700000000000000000000000000000000000000000000000000000000000000000000C9
:201720000000000000000000000000000000000000000000000000000000000000000000A9
:20174000000000000000000000000000000000000000000000000000000000000000000089
:20176000000000000000000000000000000000000000000000000000000000000000000069
:20178000000000000000000000000000000000000000000000000000000000000000000049
:2017A000000000000000000000000000000000000000000000000000000000000000000029
:2017C000000000000000000000000000000000000000000000000000000000000000000009
:1417E00000000000000000000000000000000000341221434B
:04000005A000000057
:00000001FF
